-- Create the database
CREATE DATABASE ShoppingWeb;
GO

-- Use the created database
USE ShoppingWeb;
GO

-- Table structure for admin_info
CREATE TABLE admin_info (
    admin_id INT NOT NULL IDENTITY(1,1) PRIMARY KEY,
    admin_name VARCHAR(100) NOT NULL,
    admin_email VARCHAR(255) NOT NULL UNIQUE,
    admin_password VARCHAR(60) NOT NULL
);
GO

-- Table structure for user_info
CREATE TABLE user_info (
    user_id INT NOT NULL IDENTITY(1,1) PRIMARY KEY,
    first_name VARCHAR(50),
    last_name VARCHAR(50),
    email VARCHAR(255) NOT NULL UNIQUE,
    password VARCHAR(60) NOT NULL,
    phone VARCHAR(15),
    address1 VARCHAR(255),
    address2 VARCHAR(255)
);
GO

-- Table structure for brands
CREATE TABLE brands (
    brand_id INT NOT NULL IDENTITY(1,1) PRIMARY KEY,
    brand_title VARCHAR(100) NOT NULL
);
GO

-- Table structure for categories
CREATE TABLE categories (
    cat_id INT NOT NULL IDENTITY(1,1) PRIMARY KEY,
    cat_title VARCHAR(100) NOT NULL
);
GO

-- Table structure for products
CREATE TABLE products (
    product_id INT NOT NULL IDENTITY(1,1) PRIMARY KEY,
    product_cat INT NOT NULL,
    product_brand INT NOT NULL,
    product_title VARCHAR(100) NOT NULL,
    product_price DECIMAL(10,2) NOT NULL,
    product_desc TEXT,
    product_image VARCHAR(255),
    product_keywords VARCHAR(255),
    FOREIGN KEY (product_cat) REFERENCES categories(cat_id),
    FOREIGN KEY (product_brand) REFERENCES brands(brand_id)
);
GO

-- Table structure for email_info
CREATE TABLE email_info (
    email_id INT NOT NULL IDENTITY(1,1) PRIMARY KEY,
    email_address VARCHAR(255) NOT NULL UNIQUE
);
GO

-- Table structure for orders_info
CREATE TABLE orders_info (
    order_id INT NOT NULL PRIMARY KEY,
    user_id INT NOT NULL,
    name VARCHAR(255) NOT NULL,
    email VARCHAR(255) NOT NULL,
    address VARCHAR(255) NOT NULL,
    city VARCHAR(100) NOT NULL,
    zip VARCHAR(10) NOT NULL,
    cardname VARCHAR(100) NOT NULL,
    cardnumber VARCHAR(19) NOT NULL,
    expdate VARCHAR(5) NOT NULL,
    prod_count INT NOT NULL,
    total_amt DECIMAL(10,2) NOT NULL,
    p_status VARCHAR(50) NOT NULL,
    cvv VARCHAR(4) NOT NULL,
    trx_id VARCHAR(255) NOT NULL,
    FOREIGN KEY (user_id) REFERENCES user_info(user_id)
);
GO

-- Table structure for order_products
CREATE TABLE order_products (
    order_pro_id INT NOT NULL IDENTITY(1,1) PRIMARY KEY,
    order_id INT NOT NULL,
    product_id INT NOT NULL,
    qty INT NOT NULL,
    FOREIGN KEY (order_id) REFERENCES orders_info(order_id),
    FOREIGN KEY (product_id) REFERENCES products(product_id)
);
GO

-- Table structure for cart
CREATE TABLE cart (
    id INT NOT NULL IDENTITY(1,1) PRIMARY KEY,
    product_id INT NOT NULL,
    ip_add VARCHAR(250),
    user_id INT NOT NULL,
    qty INT NOT NULL,
    FOREIGN KEY (product_id) REFERENCES products(product_id),
    FOREIGN KEY (user_id) REFERENCES user_info(user_id)
);
GO


-- Insert data into categories
INSERT INTO categories (cat_id, cat_title) VALUES
(1, 'Slippers'),
(2, 'High-Top Sneakers'),
(3, 'Low-Top Sneakers'),
(4, 'Accessories'),
(5, 'For Sales');
GO

-- Insert data into brands
INSERT INTO brands (brand_id, brand_title) VALUES
(1, 'CONVERSE'),
(2, 'VANS'),
(3, 'PALLADIUM'),
(4, 'NEW BALANCE'),
(5, 'K-SWISS'),
(6, 'SNEAKER BUZZ'),
(7, 'ACCESSORIES'),
(8, 'SUPRA');
GO

INSERT INTO products (product_id, product_brand ,  product_cat ,  product_title ,  product_price ,  product_desc ,  product_image ,  product_keywords ) VALUES
(1, 1, 5, 'CONVERSE CHUCK TAYLOR ALL STAR SEASONAL COLOR', 50, 'CONVERSE CHUCK TAYLOR ALL STAR SEASONAL COLOR', 'sale_1.jpg', 'CONVERSE, CHUCK TAYLOR, SEASONAL COLOR'),
(2, 1, 5, 'CONVERSE CHUCK TAYLOR ALL STAR DIGITAL DAZE', 25, 'CONVERSE CHUCK TAYLOR ALL STAR DIGITAL DAZE', 'sale_2.jpg', 'CONVERSE, CHUCK TAYLOR, DIGITAL DAZE'),
(3, 1, 5, 'CONVERSE CHUCK TAYLOR ALL STAR CX', 30, 'CONVERSE CHUCK TAYLOR ALL STAR CX', 'sale_3.jpg', 'CONVERSE, CHUCK TAYLOR, CX'),
(4, 1, 5, 'CONVERSE CHUCK TAYLOR ALL STAR CX', 32, 'CONVERSE CHUCK TAYLOR ALL STAR CX', 'sale_4.jpg', 'CONVERSE, CHUCK TAYLOR, CX'),
(5, 1, 5, 'CONVERSE CHUCK TAYLOR ALL STAR CX', 10, 'CONVERSE CHUCK TAYLOR ALL STAR CX', 'sale_5.jpg', 'CONVERSE, CHUCK TAYLOR, CX'),
(6, 1, 5, 'CONVERSE CHUCK TAYLOR ALL STAR CREATE FUTURE', 350, 'CONVERSE CHUCK TAYLOR ALL STAR CREATE FUTURE', 'sale_6.jpg', 'CONVERSE, CHUCK TAYLOR, CREATE FUTURE'),
(7, 1, 5, 'CONVERSE CHUCK TAYLOR ALL STAR DOUBLE UPPER LOGO PLAY', 500, 'CONVERSE CHUCK TAYLOR ALL STAR DOUBLE UPPER LOGO PLAY', 'sale_7.jpg', 'CONVERSE, CHUCK TAYLOR, DOUBLE UPPER LOGO PLAY'),
(8, 1, 5, 'Converse Chuck 70 Nautical Tri Blocked', 400, 'Converse Chuck 70 Nautical Tri Blocked', 'converse_16.jpg', 'CONVERSE, CHUCK 70, NAUTICAL TRI BLOCKED'),
(9, 1, 5, 'Converse Chuck Taylor All Star Pro', 120, 'Converse Chuck Taylor All Star Pro', 'converse_10.jpg', 'CONVERSE, CHUCK TAYLOR, PRO'),
(10, 2, 3, 'VANS UA OLD SKOOL CORDURA 1', 20, 'VANS UA OLD SKOOL CORDURA 1', 'van_1.jpg', 'VANS, OLD SKOOL, CORDURA 1'),
(11, 2, 3, 'VANS UA OLD SKOOL CORDURA 2', 12, 'VANS UA OLD SKOOL CORDURA 2', 'van_2.jpg', 'VANS, OLD SKOOL, CORDURA 2'),
(12, 2, 3, 'VANS UA OLD SKOOL CORDURA 3', 15, 'VANS UA OLD SKOOL CORDURA 3', 'van_3.jpg', 'VANS, OLD SKOOL, CORDURA 3'),
(13, 2, 3, 'VANS UA OLD SKOOL PIG SUEDE', 12, 'VANS UA OLD SKOOL PIG SUEDE', 'van_4.jpg', 'VANS, OLD SKOOL, PIG SUEDE'),
(14, 2, 3, 'VANS UA KNU SKOOL', 14, 'VANS UA KNU SKOOL', 'van_6.jpg', 'VANS, KNU SKOOL'),
(15, 2, 3, 'VANS UA SK8-LOW REARRANGE', 15, 'VANS UA SK8-LOW REARRANGE', 'van_5.jpg', 'VANS, SK8-LOW, REARRANGE'),
(16, 3, 2, 'PALLADIUM PAMPA TRAVEL LITE', 15, 'PALLADIUM PAMPA TRAVEL LITE', 'palladium_1.jpg', 'PALLADIUM, PAMPA TRAVEL LITE'),
(17, 3, 2, 'PALLADIUM PAMPA HI HTG SUPPLY', 10, 'PALLADIUM PAMPA HI HTG SUPPLY', 'palladium_2.jpg', 'PALLADIUM, PAMPA HI HTG SUPPLY'),
(19, 3, 2, 'PALLADIUM PALLABROUSE', 14, 'PALLADIUM PALLABROUSE', 'palladium_3.jpg', 'PALLADIUM, PALLABROUSE'),
(20, 3, 2, 'PALLADIUM PAMPA HI TICKET TO EARTH', 10, 'PALLADIUM PAMPA HI TICKET TO EARTH', 'palladium_4.jpg', 'PALLADIUM, PAMPA HI TICKET TO EARTH'),
(21, 3, 2, 'PALLADIUM PAMPA HI TICKET TO EARTH', 10, 'PALLADIUM PAMPA HI TICKET TO EARTH', 'palladium_5.jpg', 'PALLADIUM, PAMPA HI TICKET TO EARTH'),
(32, 5, 3, 'K-SWISS COURT LITE SPELLOUT S', 25, 'K-SWISS COURT LITE SPELLOUT S', 'k_1.jpg', 'K-SWISS, COURT LITE, SPELLOUT S'),
(50, 3, 2, 'PALLADIUM PAMPA SC RECYCLE WP + N', 16, 'PALLADIUM PAMPA SC RECYCLE WP + N', 'palladium_6.jpg', 'PALLADIUM, PAMPA SC RECYCLE WP + N'),
(51, 3, 2, 'PALLADIUM PAMPA LITE+ RECYCLE WP', 15, 'PALLADIUM PAMPA LITE+ RECYCLE WP', 'palladium_7.jpg', 'PALLADIUM, PAMPA LITE+ RECYCLE WP'),
(52, 3, 2, 'PALLADIUM PALLABROUSSE LEGION', 12, 'PALLADIUM PALLABROUSSE LEGION', 'palladium_8.jpg', 'PALLADIUM, PALLABROUSSE LEGION'),
(53, 3, 2, 'PALLADIUM PAMPA HI MONO CHROME III', 8, 'PALLADIUM PAMPA HI MONO CHROME III', 'palladium_9.jpg', 'PALLADIUM, PAMPA HI MONO CHROME III'),
(54, 3, 3, 'PALLADIUM PAMPA HI MONO CHROME', 8, 'PALLADIUM PAMPA HI MONO CHROME', 'palladium_10.jpg', 'PALLADIUM, PAMPA HI MONO CHROME'),
(55, 3, 3, 'PALLADIUM PAMPA SMILEY DT', 10, 'PALLADIUM PAMPA SMILEY DT', 'palladium_11.jpg', 'PALLADIUM, PAMPA SMILEY DT'),
(56, 3, 2, 'PALLADIUM EASY MULE', 5, 'PALLADIUM EASY MULE', 'palladium_12.jpg', 'PALLADIUM, EASY MULE'),
(57, 3, 2, 'PALLADIUM EVO LITE+ RCYCL WP+', 10, 'PALLADIUM EVO LITE+ RCYCL WP+', 'palladium_13.jpg', 'PALLADIUM, EVO LITE+ RCYCL WP+'),
(58, 3, 2, 'PALLADIUM PALLAPHOENIX FLAME C', 8, 'PALLADIUM PALLAPHOENIX FLAME C', 'palladium_14.jpg', 'PALLADIUM, PALLAPHOENIX FLAME C'),
(59, 3, 2, 'PALLADIUM PAMPA HI SHAKE', 8, 'PALLADIUM PAMPA HI SHAKE', 'palladium_15.jpg', 'PALLADIUM, PAMPA HI SHAKE'),
(70, 3, 2, 'PALLADIUM PAMPALICIOUS POP CORN', 56, 'PALLADIUM PAMPALICIOUS POP CORN', 'palladium_16.jpg', 'PALLADIUM, POP CORN'),
(71, 1, 5, 'Chuck Taylor All Star 1970s', 4, 'Chuck Taylor All Star 1970s', 'converse_17.jpg', 'Chuck, 1970s'),
(72, 7, 5, 'CONVERSE T-SHIRT GRAPHICS-SS ICON T', 5, 'CONVERSE T-SHIRT GRAPHICS-SS ICON T', 'acs_18.jpg', 'CONVERSE, T-SHIRT'),
(73, 7, 5, 'NEO COLOR PACKABLE JACKET', 5, 'NEO COLOR PACKABLE JACKET', 'acs_19.jpg', 'NEO, JACKET'),
(74, 1, 5, 'CONS VOLTAGE MADE IT TO THE TOP', 5, 'CONS VOLTAGE MADE IT TO THE TOP', 'sale_13.jpg', 'CONS, VOLTAGE, MADE IT TO THE TOP'),
(75, 1, 5, 'CONVERSE CHUCK TAYLOR ALL STAR MADE IT TO THE TOP', 4, 'CONVERSE CHUCK TAYLOR ALL STAR MADE IT TO THE TOP', 'sale_14.jpg', 'CONVERSE, CHUCK TAYLOR, MADE IT TO THE TOP'),
(76, 1, 5, 'Converse Huy Tran', 45, 'Converse Huy Tran', 'sale_15.jpg', 'CONVERSE, HUY TRAN'),
(82, 2, 3, 'VANS UA OLD SKOOL BALLISTIC MIX', 15, 'VANS UA OLD SKOOL BALLISTIC MIX', 'van_7.jpg', 'VANS, UA OLD SKOOL, BALLISTIC MIX'),
(83, 2, 3, 'VANS UA OLD SKOOL OVERSIZED LACES', 13, 'VANS UA OLD SKOOL OVERSIZED LACES', 'van_8.jpg', 'VANS, UA OLD SKOOL, OVERSIZED LACES'),
(84, 2, 3, 'VANS UA CLASSIC SLIP-ON VR3 GROWTH GARDEN VR3', 18, 'VANS UA CLASSIC SLIP-ON VR3 GROWTH GARDEN VR3', 'van_9.jpg', 'VANS, UA CLASSIC SLIP-ON, VR3 GROWTH GARDEN VR3'),
(85, 2, 3, 'VANS UA AUTHENTIC VR3 GROWTH GARDEN VR3', 17, 'VANS UA AUTHENTIC VR3 GROWTH GARDEN VR3', 'van_10.jpg', 'VANS, UA AUTHENTIC, VR3 GROWTH GARDEN VR3'),
(86, 2, 2, 'VANS UA OLD SKOOL VR3 GROWTH GARDEN VR3', 16, 'VANS UA OLD SKOOL VR3 GROWTH GARDEN VR3', 'van_11.jpg', 'VANS, UA OLD SKOOL, VR3 GROWTH GARDEN VR3'),
(87, 2, 3, 'VANS UA AUTHENTIC COLOR THEORY', 19, 'VANS UA AUTHENTIC COLOR THEORY', 'van_13.jpg', 'VANS, UA AUTHENTIC, COLOR THEORY'),
(88, 2, 3, 'VANS UA CLASSIC SLIP-ON COLOR THEORY', 19, 'VANS UA CLASSIC SLIP-ON COLOR THEORY', 'van_12.jpg', 'VANS, UA CLASSIC SLIP-ON, COLOR THEORY'),
(89, 2, 2, 'VANS UA OLD SKOOL 36 DX', 19, 'VANS UA OLD SKOOL 36 DX', 'van_14.jpg', 'VANS, UA OLD SKOOL, 36 DX'),
(90, 2, 3, 'VANS UA OLD SKOOL LIVE AT HOV', 19, 'VANS UA OLD SKOOL LIVE AT HOV', 'van_15.jpg', 'VANS, UA OLD SKOOL, LIVE AT HOV'),
(93, 5, 3, 'K-SWISS COURT LITE SPELLOUT S', 12, 'K-SWISS COURT LITE SPELLOUT S', 'K_2.jpg', 'K-SWISS, COURT LITE, SPELLOUT S'),
(94, 5, 3, 'K-SWISS SI-DEFIER 7.0', 12, 'K-SWISS SI-DEFIER 7.0', 'K_3.jpg', 'K-SWISS, SI-DEFIER 7.0'),
(95, 5, 3, 'K-SWISS CLASSIC VN', 12, 'K-SWISS CLASSIC VN', 'K_4.jpg', 'K-SWISS, CLASSIC VN'),
(96, 5, 3, 'K-SWISS HOKE CMF', 12, 'K-SWISS HOKE CMF', 'K_5.jpg', 'K-SWISS, HOKE CMF'),
(97, 5, 3, 'K-SWISS ST329 CMF', 12, 'K-SWISS ST329 CMF', 'K_6.jpg', 'K-SWISS, ST329 CMF'),
(98, 5, 3, 'K-SWISS GEN-K ICON KNIT', 12, 'K-SWISS GEN-K ICON KNIT', 'K_7.jpg', 'K-SWISS, GEN-K ICON KNIT'),
(99, 5, 3, 'K-SWISS AEROSWIFT', 12, 'K-SWISS AEROSWIFT', 'K_8.jpg', 'K-SWISS, AEROSWIFT'),
(100, 5, 3, 'K-SWISS TUBES MILLENNIUM', 12, 'K-SWISS TUBES MILLENNIUM', 'K_9.jpg', 'K-SWISS, TUBES MILLENNIUM'),
(101, 5, 3, 'K-SWISS X-160', 12, 'K-SWISS X-160', 'K_10.jpg', 'K-SWISS, X-160'),
(102, 5, 3, 'K-SWISS COURT PRO II', 12, 'K-SWISS COURT PRO II', 'K_11.jpg', 'K-SWISS, COURT PRO II'),
(103, 5, 3, 'K-SWISS VENDEN', 12, 'K-SWISS VENDEN', 'K_12.jpg', 'K-SWISS, VENDEN'),
(104, 5, 3, 'K-SWISS HOKE VULC', 12, 'K-SWISS HOKE VULC', 'K_13.jpg', 'K-SWISS, HOKE VULC'),
(105, 5, 3, 'K-SWISS X-LITE ATHLETIC', 12, 'K-SWISS X-LITE ATHLETIC', 'K_14.jpg', 'K-SWISS, X-LITE ATHLETIC'),
(106, 5, 3, 'K-SWISS BIGSHOT LIGHT', 12, 'K-SWISS BIGSHOT LIGHT', 'K_15.jpg', 'K-SWISS, BIGSHOT LIGHT'),
(107, 4, 3, 'New Balance 530 Retro Khaki', 13, 'New Balance 530 Retro Khaki', 'nb_1.jpg', 'NEW BALANCE, 530, RETRO KHAKI'),
(108, 4, 3, 'New Balance 530 Retro Running Navy', 18, 'New Balance 530 Retro Running Navy', 'nb_2.png', 'NEW BALANCE, 530, RETRO RUNNING NAVY'),
(109, 4, 3, 'New Balance 530 Beige Angora', 21, 'New Balance 530 Beige Angora', 'nb_3.jpg', 'NEW BALANCE, 530, BEIGE ANGORA'),
(110, 4, 3, 'New Balance 574 Classic Lifestyle', 23, 'New Balance 574 Classic Lifestyle', 'nb_4.jpg', 'NEW BALANCE, 574, CLASSIC LIFESTYLE'),
(111, 4, 3, 'New Balance 550 Dusty Blue', 24, 'New Balance 550 Dusty Blue', 'nb_5.jpg', 'NEW BALANCE, 550, DUSTY BLUE'),
(112, 4, 3, 'New Balance 550 Triple White', 12, 'New Balance 550 Triple White', 'nb_6.jpg', 'NEW BALANCE, 550, TRIPLE WHITE'),
(113, 4, 1, 'New Balance 200v2 Adjustable SUA200K2', 15, 'New Balance 200v2 Adjustable SUA200K2', 'nb_7.jpg', 'NEW BALANCE, 200v2, ADJUSTABLE SUA200K2'),
(114, 4, 1, 'New Balance 550 Triple White BB550WWW', 18, 'New Balance 550 Triple White BB550WWW', 'nb_8.jpg', 'NEW BALANCE, 550, TRIPLE WHITE BB550WWW'),
(115, 4, 1, 'New Balance Laser Performance Run Hat LAH21102_WT', 22, 'New Balance Laser Performance Run Hat LAH21102_WT', 'nb_9.jpg', 'NEW BALANCE, LASER PERFORMANCE, RUN HAT'),
(116, 4, 1, 'New Balance Classic NB Curved Brim Hat LAH91014_BK', 27, 'New Balance Classic NB Curved Brim Hat LAH91014_BK', 'nb_10.jpg', 'NEW BALANCE, CLASSIC NB, CURVED BRIM HAT'),
(117, 4, 4, 'New Balance 530 Beige Angora MR530AA', 12, 'New Balance 530 Beige Angora MR530AA', 'nb_11.jpg', 'NEW BALANCE, 530, BEIGE ANGORA MR530AA'),
(118, 4, 4, 'New Balance 530 Retro Running Navy MR530SG', 14, 'New Balance 530 Retro Running Navy MR530SG', 'nb_12.jpg', 'NEW BALANCE, 530, RETRO RUNNING NAVY MR530SG'),
(119, 3, 4, 'PALLADIUM PAMPALICIOUS BLOSSOM', 12, 'PALLADIUM PAMPALICIOUS BLOSSOM', 'palladium_19.jpg', 'PALLADIUM, PAMPALICIOUS BLOSSOM'),
(120, 3, 4, 'PALLADIUM PAMPA HI SHAKE', 15, 'PALLADIUM PAMPA HI SHAKE', 'palladium_17.jpg', 'PALLADIUM, HI SHAKE'),
(121, 3, 4, 'PALLADIUM JAZZELLE PALLAKIX HI CVS', 16, 'PALLADIUM JAZZELLE PALLAKIX HI CVS', 'palladium_18.jpg', 'Palladium, Jazelle'),
(125, 8, 3, 'Supra Stacks II VULC - 08193-069-M', 54, 'Low-top design Supra Stacks II VULC with Canvas-Suede material, Neon tones Vulcanized sole.', 'supra1.jpg', 'LOW-TOP, SUPRA, CANVAS, SUEDE, NEON'),
(126, 8, 2, 'Supra Aluminum - 05662-816-M', 60, 'High-top Supra Aluminum with trendy yellow tones, high-quality Canvas, durable rubber sole.', 'supra2.jpg', 'HIGH-TOP, SUPRA, CANVAS, YELLOW'),
(127, 8, 2, 'Supra Aluminum - 05662-002-M', 60, 'Bold high-top Supra Aluminum with black Canvas, Vulcanized rubber sole, metal crown logo.', 'supra3.jpg', 'HIGH-TOP, SUPRA, CANVAS, BLACK'),
(128, 8, 2, 'Supra Aluminum - 05662-622-M', 60, 'Stylish high-top Supra Aluminum with trendy Red-White tones, high-quality materials.', 'supra4.jpg', 'HIGH-TOP, SUPRA, RED, WHITE'),
(129, 8, 3, 'Supra Chino - 08051-401-M', 45, 'Simple and youthful Supra Chino with dynamic blue tone, Canvas-suede materials.', 'supra5.jpg', 'SIMPLE, YOUTHFUL, SUPRA, CANVAS, SUEDE, BLUE'),
(131, 8, 3, 'Supra Hammer VTG - 06123-002-M', 54, 'Vintage design Supra Hammer VTG with suede-Canvas materials, black tones, white borders.', 'supra7.jpg', 'VINTAGE, SUPRA, SUEDE, CANVAS, BLACK, WHITE'),
(132, 8, 2, 'Supra Vaider - 08204-049-M', 63, 'Stylish high-top SUPRA Vaider with Gray-Red tones, premium Canvas-Suede materials.', 'supra8.jpg', 'STYLISH, HIGH-TOP, SUPRA, VAIDER, GRAY, RED, CANVAS, SUEDE'),
(133, 8, 2, 'Supra Vaider - 08044-058-M', 63, 'High-top style Supra Vaider with minimalist design, premium fabric material.', 'supra9.jpg', 'HIGH-TOP, SUPRA, MINIMALIST, PREMIUM, FABRIC'),
(134, 8, 2, 'Supra Skytop - 98002-025-M', 81, 'Bold camo pattern Supra Skytop, high-quality rubber sole, thicker tongue-collars for comfort.', 'supra10.jpg', 'CAMO, SUPRA, SKYTOP, RUBBER, ANTI-SLIP'),
(135, 8, 2, 'Supra Skytop - 98002-110-M', 81, 'Fashionable white camo pattern Supra Skytop, high-quality rubber sole, thicker tongue-collars for comfort.', 'supra11.jpg', 'WHITE, CAMO, SUPRA, SKYTOP, RUBBER, ANTI-SLIP'),
(136, 8, 2, 'Supra Stacks Mid - 05903-658-M', 63, 'Canvas-red suede fabric Supra Stacks Mid with white SUPRA logo, versatile and comfortable.', 'supra12.jpg', 'CANVAS, SUEDE, SUPRA, STACKS MID, RED, WHITE'),
(137, 8, 3, 'SILVER VAIDER', 90, 'Best choice', 'supra17.jpg', 'SILVER, OUTDOOR'),
(140, 8, 3, 'COURT LEGACY', 100, 'Beige', 'supra18.jpg', 'BEIGE, RUNNING'),
(141, 8, 3, 'Supra Flow - 08325-360-M', 54, 'Slip-On Supra Flow with camouflage pattern, Suede-Canvas material, horizontal round lace.', 'supra6.jpg', 'SLIP-ON, SUPRA, CAMOUFLAGE, SUEDE, CANVAS'),
(142, 8, 3, 'Vaider Yellow', 70, 'yellow vaider', 'supra16.jpg', 'YELLOW, BIG BOY'),
(143, 8, 3, 'Vaider Maxi', 75, 'white vaider', 'supra15.jpg', 'WHITE, VAIDER'),
(145, 8, 3, 'Supra Cobalt - 05663-093-M', 48, 'Simple black tone Supra Cobalt with gold zigzag stitching, lightweight Canvas, premium rubber sole.', 'supra13.jpg', 'SIMPLE, BLACK, SUPRA, COBALT, GOLD, CANVAS, RUBBER'),
(170, 1, 2, 'CONVERSE CHUCK TAYLOR ALL STAR CONSTRUCT', 20, 'CONVERSE CHUCK TAYLOR ALL STAR CONSTRUCT', 'converse_1.jpg', 'CONVERSE, CHUCK TAYLOR, CONSTRUCT'),
(171, 1, 2, 'CONVERSE CHUCK TAYLOR ALL STAR FUTURE UTILITY', 12, 'CONVERSE CHUCK TAYLOR ALL STAR FUTURE UTILITY', 'converse_2.jpg', 'CONVERSE, CHUCK TAYLOR, FUTURE UTILITY'),
(172, 1, 3, 'CONVERSE CHUCK TAYLOR ALL STAR FALL TONE LOW TOP', 15, 'CONVERSE CHUCK TAYLOR ALL STAR FALL TONE LOW TOP', 'converse_3.jpg', 'CONVERSE, CHUCK TAYLOR, FALL TONE, LOW TOP'),
(173, 1, 2, 'CONVERSE CHUCK TAYLOR ALL STAR FALL TONE HIGH TOP', 20, 'CONVERSE CHUCK TAYLOR ALL STAR FALL TONE HIGH TOP', 'converse_4.jpg', 'CONVERSE, CHUCK TAYLOR, FALL TONE, HIGH TOP'),
(174, 1, 2, 'CONVERSE RUN STAR LEGACY CX', 14, 'CONVERSE RUN STAR LEGACY CX', 'converse_5.jpg', 'CONVERSE, RUN STAR LEGACY CX'),
(175, 1, 2, 'CONVERSE RUN STAR LEGACY CX', 15, 'CONVERSE RUN STAR LEGACY CX', 'converse_6.jpg', 'CONVERSE, RUN STAR LEGACY CX'),
(176, 1, 2, 'CONVERSE CHUCK TAYLOR ALL STAR 1970S TEAL UNIVERSE', 15, 'CONVERSE CHUCK TAYLOR ALL STAR 1970S TEAL UNIVERSE', 'converse_7.jpg', 'CONVERSE, CHUCK TAYLOR, 1970S, TEAL UNIVERSE'),
(177, 1, 3, 'CONVERSE CHUCK TAYLOR ALL STAR 1970S TEAL UNIVERSE', 13, 'CONVERSE CHUCK TAYLOR ALL STAR 1970S TEAL UNIVERSE', 'converse_8.jpg', 'CONVERSE, CHUCK TAYLOR, 1970S, TEAL UNIVERSE'),
(178, 1, 2, 'CONVERSE CHUCK TAYLOR ALL STAR 1970S ORIGIN STORY', 18, 'CONVERSE CHUCK TAYLOR ALL STAR 1970S ORIGIN STORY', 'converse_9.jpg', 'CONVERSE, CHUCK TAYLOR, 1970S, ORIGIN STORY'),
(179, 1, 3, 'CONVERSE CHUCK TAYLOR ALL STAR 1970S ORIGIN STORY', 17, 'CONVERSE CHUCK TAYLOR ALL STAR 1970S ORIGIN STORY', 'converse_10.jpg', 'CONVERSE, CHUCK TAYLOR, 1970S, ORIGIN STORY'),
(180, 1, 3, 'CONVERSE RUN STAR MOTION CANVAS PLATFORM', 16, 'CONVERSE RUN STAR MOTION CANVAS PLATFORM', 'converse_11.jpg', 'CONVERSE, RUN STAR MOTION, CANVAS PLATFORM'),
(181, 1, 2, 'CONVERSE RUN STAR MOTION CANVAS PLATFORM', 19, 'CONVERSE RUN STAR MOTION CANVAS PLATFORM', 'converse_12.jpg', 'CONVERSE, RUN STAR MOTION, CANVAS PLATFORM'),
(182, 1, 2, 'CONVERSE CHUCK TAYLOR ALL STAR CX EXPLORE', 19, 'CONVERSE CHUCK TAYLOR ALL STAR CX EXPLORE', 'converse_13.jpg', 'CONVERSE, CHUCK TAYLOR, CX EXPLORE'),
(183, 1, 2, 'CONVERSE RUN STAR MOTION CANVAS PLATFORM HIGH TOP', 19, 'CONVERSE RUN STAR MOTION CANVAS PLATFORM HIGH TOP', 'converse_14.jpg', 'CONVERSE, RUN STAR MOTION, CANVAS PLATFORM, HIGH TOP'),
(185, 7, 4, 'SNEAKER BUZZ SHOE KEYCHAIN - LOGO TAG', 20, 'SNEAKER BUZZ SHOE KEYCHAIN - LOGO TAG', 'acs_1.jpg', 'SNEAKER BUZZ, SHOE KEYCHAIN, LOGO TAG'),
(186, 7, 4, 'NEW BALANCE LASER PERFORMANCE RUN HAT', 12, 'NEW BALANCE LASER PERFORMANCE RUN HAT', 'acs_2.jpg', 'NEW BALANCE, LASER PERFORMANCE, RUN HAT'),
(187, 7, 4, 'VANS WM HALF CREW WMN 6.5-10 1PK', 15, 'VANS WM HALF CREW WMN 6.5-10 1PK', 'acs_3.jpg', 'VANS, WM HALF CREW, WMN 6.5-10, 1PK'),
(188, 7, 4, 'VANS MN OLD SKOOL DROP V BACKPACK', 20, 'VANS MN OLD SKOOL DROP V BACKPACK', 'acs_4.jpg', 'VANS, MN OLD SKOOL, DROP V, BACKPACK'),
(189, 7, 4, 'VANS OC CROSS BODY BAG', 14, 'VANS OC CROSS BODY BAG', 'acs_5.jpg', 'VANS, OC CROSS BODY, BAG'),
(190, 7, 4, 'VANS GYM CLASS WAISTBAG', 15, 'VANS GYM CLASS WAISTBAG', 'acs_6.jpg', 'VANS, GYM CLASS, WAISTBAG'),
(191, 7, 4, 'VANS WARD CROSS BODY PACK BAG', 15, 'VANS WARD CROSS BODY PACK BAG', 'acs_7.jpg', 'VANS, WARD CROSS BODY, PACK BAG'),
(192, 7, 4, 'VANS AP THE ULTRASAKE CROSSBODY', 13, 'VANS AP THE ULTRASAKE CROSSBODY', 'acs_8.jpg', 'VANS, AP THE ULTRASAKE, CROSSBODY'),
(193, 7, 4, 'V? VANS BROOKLAND CANOODLE', 18, 'V? VANS BROOKLAND CANOODLE', 'acs_9.jpg', 'V? VANS, BROOKLAND CANOODLE'),
(194, 1, 2, 'CONVERSE RUN STAR MOTION CANVAS PLATFORM HIGH TOP', 19, 'CONVERSE RUN STAR MOTION CANVAS PLATFORM HIGH TOP', 'converse_15.jpg', 'CONVERSE, RUN STAR MOTION, CANVAS PLATFORM, HIGH TOP'),
(195, 7, 4, 'SUPRA TRADEMARK', 16, 'SUPRA TRADEMARK', 'acs_11.jpg', 'SUPRA, TRADEMARK'),
(196, 7, 4, 'SUPRA TRADEMARK', 19, 'SUPRA TRADEMARK', 'acs_12.jpg', 'SUPRA, TRADEMARK'),
(197, 7, 4, 'VANS FULL PATCH T-SHIRT', 19, 'VANS FULL PATCH T-SHIRT', 'acs_13.jpg', 'VANS, FULL PATCH, T-SHIRT'),
(198, 7, 4, 'SUMMER SHIRT', 19, 'SUMMER SHIRT', 'acs_14.jpg', 'SUMMER, SHIRT'),
(199, 7, 4, 'BEACH GOING SHIRT', 19, 'BEACH GOING SHIRT', 'acs_15.jpg', 'BEACH GOING, SHIRT'),
(200, 7, 4, 'V? VANS CLASSIC CANOODLE 6.5 - 9 3PK', 17, 'V? VANS CLASSIC CANOODLE 6.5 - 9 3PK', 'acs_10.jpg', 'V? VANS, CLASSIC CANOODLE, 6.5-9, 3PK'),
(203, 6, 1, 'DÉP BUZZ Y-STRAP DAISY', 1, 'DÉP BUZZ Y-STRAP DAISY', 'snkb_1.jpg', 'DÉP BUZZ, Y-STRAP DAISY'),
(204, 6, 1, 'DÉP BUZZ Y-STRAP DAISY', 1, 'DÉP BUZZ Y-STRAP DAISY', 'snkb_2.jpg', 'DÉP BUZZ, Y-STRAP DAISY'),
(205, 6, 1, 'DÉP BUZZ Y-STRAP DAISY', 1, 'DÉP BUZZ Y-STRAP DAISY', 'snkb_3.jpg', 'DÉP BUZZ, Y-STRAP DAISY'),
(206, 6, 1, 'DÉP SNEAKER BUZZ CLASSIC SLIDE II', 1, 'DÉP SNEAKER BUZZ CLASSIC SLIDE II', 'snkb_4.jpg', 'DÉP SNEAKER BUZZ, CLASSIC SLIDE II'),
(207, 6, 1, 'DÉP SNEAKER BUZZ CLASSIC SLIDE II', 1, 'DÉP SNEAKER BUZZ CLASSIC SLIDE II', 'snkb_5.jpg', 'DÉP SNEAKER BUZZ, CLASSIC SLIDE II'),
(208, 6, 1, 'DÉP SNEAKER BUZZ Y-STRAP ADVANTURE', 1, 'DÉP SNEAKER BUZZ Y-STRAP ADVANTURE', 'snkb_6.jpg', 'DÉP SNEAKER BUZZ, Y-STRAP ADVANTURE'),
(209, 6, 1, 'DÉP SNEAKER BUZZ Y-STRAP ADVANTURE', 1, 'DÉP SNEAKER BUZZ Y-STRAP ADVANTURE', 'snkb_7.jpg', 'DÉP SNEAKER BUZZ, Y-STRAP ADVANTURE'),
(210, 6, 1, 'DÉP SNEAKER BUZZ Y-STRAP ADVANTURE', 1, 'DÉP SNEAKER BUZZ Y-STRAP ADVANTURE', 'snkb_8.jpg', 'DÉP SNEAKER BUZZ, Y-STRAP ADVANTURE'),
(211, 6, 1, 'DÉP SNEAKER BUZZ Y-STRAP DENIM', 1, 'DÉP SNEAKER BUZZ Y-STRAP DENIM', 'snkb_9.jpg', 'DÉP SNEAKER BUZZ, Y-STRAP DENIM'),
(212, 6, 1, 'CONVERSE CHUCK TAYLOR ALL STAR 1970S ORIGIN STORY', 1, 'CONVERSE CHUCK TAYLOR ALL STAR 1970S ORIGIN STORY', 'snkb_10.jpg', 'CONVERSE, CHUCK TAYLOR, 1970S, ORIGIN STORY'),
(213, 6, 1, 'DÉP SNEAKER BUZZ Y-STRAP DECONSTRUCTION', 1, 'DÉP SNEAKER BUZZ Y-STRAP DECONSTRUCTION', 'snkb_11.jpg', 'DÉP SNEAKER BUZZ, Y-STRAP DECONSTRUCTION'),
(214, 6, 1, 'DÉP SNEAKER BUZZ CLOUD SLIDE', 1, 'DÉP SNEAKER BUZZ CLOUD SLIDE', 'snkb_12.jpg', 'DÉP SNEAKER BUZZ, CLOUD SLIDE'),
(215, 6, 1, 'DÉP SNEAKER BUZZ CLOUD SLIDE', 1, 'DÉP SNEAKER BUZZ CLOUD SLIDE', 'snkb_13.jpg', 'DÉP SNEAKER BUZZ, CLOUD SLIDE'),
(216, 6, 1, 'DÉP SNEAKER BUZZ CLOUD SLIDE', 1, 'DÉP SNEAKER BUZZ CLOUD SLIDE', 'snkb_14.jpg', 'DÉP SNEAKER BUZZ, CLOUD SLIDE'),
(217, 6, 1, 'DÉP SNEAKER BUZZ CLOUD SLIDE', 1, 'DÉP SNEAKER BUZZ CLOUD SLIDE', 'snkb_15.jpg', 'DÉP SNEAKER BUZZ, CLOUD SLIDE');


--data for user_info

INSERT INTO user_info (first_name, last_name, email, password, mobile, address1, address2) VALUES
('Rachel', 'Perez', 'qchan@gmail.com', 'o_7(@rYT%k', '001.879.6800x1350', '8939 Jackson Glen Suite 472', 'Suite 387'),
('Oscar', 'Mcdaniel', 'crystalporter@gmail.com', '_fn4OQ#qw(', '+1-356-718-8870x73609', '3553 Chavez Dam Apt. 269', 'Suite 561'),
('Diana', 'Lewis', 'catherineking@gmail.com', '%xA*hBBmE5', '541-118-5727', '049 Bell Squares', 'Apt. 315'),
('Albert', 'Jackson', 'kyle75@bradford.com', 'x8h$DnZ#&u', '505.173.9487x12918', '7682 Richard Bypass', 'Suite 340'),
('April', 'Taylor', 'michaelmartinez@gmail.com', 'xe8GGPyh+&', '445-218-1457x45619', '77241 Ronnie Walk', 'Apt. 237'),
('Kara', 'Fields', 'williamsangela@freeman.com', '&K0FE1Ax$u', '585-387-8348x7265', '17326 Allison Bridge Apt. 194', 'Apt. 640'),
('John', 'Mcintosh', 'william75@day.com', 'TQ)2MZ)oEU', '163.751.7498x760', '47195 Walls Prairie', 'Suite 123'),
('Lisa', 'Sexton', 'nrocha@hunter.biz', ')s)60Tv%Ng', '545-570-0233', '1957 Peggy Street Apt. 919', 'Suite 968'),
('Bryan', 'Ballard', 'ybrown@tran-nash.com', '4oRB(+h)^_', '+1-843-206-0828x2514', '90700 Latasha Brooks Suite 872', 'Suite 040'),
('Heather', 'Diaz', 'kturner@miller.com', 'EmX5nVC%P*', '0080351009', '16977 Miller Burg', 'Apt. 597'),
('Cheyenne', 'Martinez', 'nhoffman@hotmail.com', 'Eb1Pzd0e&p', '974-059-6017x67714', '75393 Karen Station Apt. 559', 'Suite 329'),
('Zachary', 'Owens', 'megansanchez@yahoo.com', 'k1YaO9^@!w', '(469)472-6082x464', '232 Brown Passage Suite 553', 'Suite 989'),
('Adam', 'Myers', 'michael79@vaughn.biz', '0J%J_@fG&g', '+1-471-985-2649x6116', '1910 Robinson Roads', 'Apt. 904'),
('Keith', 'Arellano', 'emendez@meyer.net', 'Dd0+Yuy#(8', '(139)045-0233x356', '08762 Schmidt Mission Suite 723', 'Apt. 675'),
('Ashley', 'Evans', 'nicholas86@hotmail.com', '_(9@p5Rqz3', '+1-029-819-4978x945', '8660 Joseph Forges Apt. 334', 'Suite 775'),
('Joseph', 'Baker', 'fhansen@yahoo.com', 'b(6MLqbm&(', '443-471-2403', '1956 Lawrence Isle', 'Suite 586'),
('Nancy', 'Stone', 'danielhenson@gmail.com', '&1NkNfRx)s', '829-917-5691x72082', '097 Stewart Village', 'Apt. 285'),
('Jeremy', 'Wilson', 'brettkoch@johnson.com', 'f7SXARA2!V', '499-247-5117x49513', '872 Kenneth Shores', 'Suite 548'),
('Chelsea', 'Olson', 'howardtimothy@kent.com', 'K6fIBwz$@i', '812-648-2424x37302', '00828 Timothy Shoals Suite 619', 'Apt. 433'),
('Clifford', 'Johnson', 'ryanhardy@gmail.com', 'Cu7bAa1Q!p', '001-339-173-5609', '475 Nelson Pine', 'Apt. 992'),
('Justin', 'Turner', 'christopher92@potter-lane.info', '&2uZneXrp0', '252.373.1189x48511', '884 Kimberly Island Apt. 966', 'Apt. 986'),
('Samuel', 'Kelly', 'masonalison@hotmail.com', 'KOR78Drrl&', '(380)959-5829', '933 Robert Island Apt. 507', 'Apt. 925'),
('Randy', 'Johnson', 'lee38@gmail.com', 'S4Jddkq7@l', '385.051.8689x025', '2384 Williams Locks', 'Apt. 252'),
('Carrie', 'Roth', 'campbelljason@jacobson.com', 'I8IUW!Td)(', '667.519.5771x594', '123 Sanders Curve Apt. 419', 'Apt. 962'),
('Patrick', 'Fry', 'aguilartheresa@hotmail.com', 'T@M%2XYckX', '839.950.9915', '9589 Pineda Mount Suite 332', 'Suite 165'),
('Kimberly', 'Turner', 'jenniferreynolds@hotmail.com', 'Ey5RjL9e%(', '030.499.5088x894', '5473 Wilson Stream', 'Suite 781'),
('Benjamin', 'Rogers', 'sarahfitzgerald@hotmail.com', '+4AUdFwt5*', '(025)029-2039x319', '65461 Garza Burgs', 'Apt. 598'),
('Justin', 'White', 'rubenwhite@holland.com', 'G82GwiGX_$', '+1-717-307-2873x853', '107 Rebecca Shores Apt. 462', 'Suite 758'),
('Maria', 'Miller', 'mserrano@newton.com', '3zBJV)2R!1', '397.602.8423x090', '7797 Kyle Mill Apt. 532', 'Apt. 312'),
('Justin', 'Lopez', 'michaelphillips@logan.com', 'Nf(*z4Mfj%', '(603)241-3981x626', '1053 Nicole Overpass', 'Suite 155'),
('Gregory', 'Nguyen', 'rebeccacarpenter@yahoo.com', '+BEr9o(J18', '492.429.0617', '9253 Simon Glen', 'Apt. 008'),
('Crystal', 'Ruiz', 'jchambers@calhoun.com', '&2cHe7@GD2', '989-062-0207', '602 Kayla Shoals Apt. 701', 'Apt. 171'),
('Monique', 'Lee', 'michellelee@hotmail.com', '+dD(#BqT7o', '416.447.0522', '7465 French Light', 'Apt. 471'),
('Jill', 'Travis', 'chavezjames@gmail.com', '*Qc6Y%urBt', '807-915-7330', '2282 Delgado Keys', 'Apt. 900'),
('Edward', 'Sanchez', 'dlyons@gmail.com', 'i@3X*co@gj', '224.152.4211x12287', '22281 Susan Estates', 'Suite 493'),
('Brooke', 'Dennis', 'ryan98@walters-robertson.info', '67DoAGRb#B', '(316)673-3932x4750', '451 Zimmerman Port', 'Apt. 084'),
('Jessica', 'Juarez', 'khancraig@yahoo.com', '!8R@T7iIJ4', '001-995-413-7537x57081', '10281 Tracy Oval Suite 592', 'Suite 868'),
('Todd', 'Dawson', 'mary37@blair-horn.com', 'R@7Z9Wry6#', '(824)221-0292x3276', '65173 Amy Path Apt. 209', 'Suite 903'),
('Patricia', 'Hensley', 'philliphughes@sawyer.com', '+9YKWm&CSh', '701-286-8966x329', '571 Misty Grove Apt. 357', 'Apt. 070'),
('David', 'Hawkins', 'tara98@gallegos.biz', ')C7Y6ERw7*', '163.419.9308x39951', '7967 Rebecca Glens', 'Apt. 556'),
('Gina', 'Carter', 'jamesbrewer@rivera-johnson.com', '+26E2RFz%c', '330.096.7204', '53712 Danielle Islands Suite 744', 'Suite 741'),
('Amy', 'Perry', 'nicole47@hotmail.com', '#8h%YwpaSB', '802.989.0252x5633', '62217 Pugh Village', 'Suite 296'),
('Christopher', 'Parker', 'sarah80@yahoo.com', '5qAjHsEi&X', '001-992-852-4409x30752', '976 Christopher Centers', 'Suite 914'),
('Morgan', 'Fitzgerald', 'hallkristin@elliott.com', '+t2MUx58C^', '(583)764-5132x785', '9142 Julie Coves', 'Suite 477'),
('Brian', 'Mcpherson', 'tanya59@yahoo.com', 'i1QDeJs$*2', '370.513.5961x081', '645 Melissa Glen', 'Suite 713'),
('William', 'Woods', 'idiaz@haley-serrano.com', '4b2zsGtQL#', '025-802-6174x3353', '5167 Cassandra Rapids', 'Suite 181'),
('Angela', 'Leonard', 'pbutler@caldwell.org', 'RRLzI7Lw+9', '+1-750-689-8348x9687', '236 Matthew Route', 'Suite 373'),
('Nathan', 'Pittman', 'hurstsusan@yahoo.com', 'n5OPaE)Y+R', '(356)110-9667x757', '0436 Green Glen', 'Suite 452'),
('Amanda', 'Wallace', 'audreytaylor@chavez.info', '&d2DzAuon+', '001-404-673-8278x1706', '20035 Jamie Lake Suite 840', 'Apt. 747'),
('Elizabeth', 'Gray', 'lanesteven@zamora-evans.com', '(@7C@8jzX1', '5703440575', '1222 Harris Ferry Apt. 653', 'Suite 004'),
('Tina', 'Wright', 'cynthia57@hotmail.com', 'hv$3EVKaOs', '001-680-382-8045x485', '9858 Kennedy Falls Apt. 016', 'Suite 598'),
('Christopher', 'Wright', 'coleerika@gmail.com', 'R3I!dltw$*', '225-215-6381', '95380 Harvey Dale Suite 591', 'Apt. 757'),
('Glenda', 'Hoffman', 'bward@henderson.org', 'ca4QEc4e_)', '+1-842-042-9404x879', '39822 Coleman Ways Suite 262', 'Suite 857'),
('Sarah', 'Russell', 'carrie52@gross.com', 'o*6dW8H1Pd', '001-201-367-6910', '849 Stacey Inlet Apt. 661', 'Apt. 342'),
('Savannah', 'Stout', 'matthewduncan@gmail.com', 'T)+e9Tua6S', '050-671-8721', '704 Diana Motorway Apt. 577', 'Apt. 606'),
('Eric', 'Young', 'jonesraven@strong-morrison.com', '&P3FOj7KCT', '5054708709', '68082 Rebecca Drive', 'Apt. 158'),
('Jennifer', 'Smith', 'camposwillie@hotmail.com', 'm3lQ6OYl!q', '+1-343-502-0182x175', '217 Nelson Mission Apt. 670', 'Suite 082'),
('Karen', 'Berry', 'lopezjennifer@gmail.com', '(7otwKyr3S', '001-728-972-1605x2107', '685 Casey Crossroad Apt. 694', 'Apt. 485'),
('Michelle', 'Phillips', 'denisekhan@hotmail.com', ')c9RYal2^3', '430-220-7623x68168', '557 John Pass', 'Suite 709'),
('Joshua', 'Williams', 'bjenkins@martin-house.com', '@F#9QxEP5y', '443-024-4786x405', '667 Monica Springs Apt. 604', 'Suite 191'),
('Cynthia', 'Foster', 'martinezmatthew@yahoo.com', 'gD(2Vt4pRk', '001-328-342-3782x951', '8083 Julie Wells Suite 562', 'Apt. 853'),
('Stephanie', 'Aguilar', 'guerreroemma@hotmail.com', 'sE1m48Ep(@', '(593)186-1794', '9342 Gomez Row', 'Suite 811'),
('Jason', 'Ortega', 'susanfisher@gmail.com', '19XRu!R0_K', '001-893-437-1207', '6068 Frye Viaduct', 'Suite 006'),
('Dennis', 'Rhodes', 'phelpsjessica@cox.net', 'fALmvlCF#2', '8781733048', '2446 Mark Crossroad Suite 669', 'Suite 006'),
('Robert', 'Kelley', 'ihuerta@walters.com', '_Hcf3uAh+^', '560.813.6437x005', '103 Anne Fort Apt. 687', 'Suite 236'),
('April', 'Torres', 'qjohnson@gmail.com', '^5^OlXHKfz', '(953)395-5742x87708', '99695 Kelly Trace', 'Suite 469'),
('Cynthia', 'Thomas', 'jessicaanderson@brooks.info', '$o36Bw2m9#', '(500)742-7341x19756', '3085 Gallagher Ports', 'Suite 261'),
('Laura', 'Brooks', 'kayla07@yahoo.com', '!3(Tv$%qw0', '800-196-0926x20805', '041 Veronica Locks', 'Apt. 950'),
('Brian', 'Wallace', 'stacycochran@hotmail.com', 'Msvfz0ZdB^', '+1-356-524-6510x2480', '318 Brian Orchard', 'Suite 097'),
('Edgar', 'Pierce', 'catherinegibbs@baker.com', '()0JvW@lK(', '(355)797-0023x970', '73342 Jeremiah Cliffs Apt. 170', 'Suite 671'),
('Rhonda', 'Walton', 'jacobcraig@gmail.com', 'gNk4*55la&', '2660219566', '22231 Campbell Motorway', 'Apt. 564'),
('Nicholas', 'Fry', 'youngjose@yahoo.com', 'qTr3OGOt*Q', '802.649.7307x2016', '5182 Robert Mountains Apt. 236', 'Apt. 478'),
('Daniel', 'Thompson', 'peckcarol@moore-williams.biz', '&8NkiEly@0', '+1-688-848-5965x0454', '96483 Steven Spur Apt. 496', 'Suite 650'),
('Patrick', 'Holland', 'christopherbird@villarreal-page.net', '9CM5jaEn!!', '5879358244', '07955 Davis Highway', 'Suite 123'),
('Mary', 'Hall', 'murrayamy@mclean.com', '%4WGDgKMY4', '(750)695-4358x4606', '86292 Moore Freeway Suite 909', 'Suite 196'),
('Terri', 'Escobar', 'yvillanueva@hicks.biz', '*71I@eMf*d', '(347)690-4898x75910', '30688 Velasquez Meadow', 'Suite 517'),
('Steven', 'Hughes', 'vwilkinson@dixon.com', 'GbzQRmKi@1', '+1-127-122-0866x270', '103 Kimberly Shoal Suite 782', 'Apt. 970'),
('Sarah', 'Hancock', 'salazarkatherine@gmail.com', 'E!Uc5Rqb@d', '(467)394-5342x83746', '889 Adam Stravenue', 'Apt. 241'),
('David', 'Johnson', 'edward39@duncan-good.com', 'zbfwMl8*#8', '753.062.1330x632', '277 Herbert Streets', 'Apt. 707'),
('Robert', 'Martinez', 'edwin87@gray-parrish.com', '!Iw6UYq7zq', '846.948.8856', '66531 Ramirez Ports Apt. 151', 'Suite 892'),
('Charlene', 'Simmons', 'owilson@hotmail.com', 'L@(k6zXwi&', '001-792-651-9320x4438', '1941 Tim Pike Suite 232', 'Apt. 878'),
('Kimberly', 'Young', 'bridgetpierce@roberts-ritter.org', 'i*2@Fu2Iuj', '300.771.1136x662', '044 David Fields', 'Apt. 648'),
('Douglas', 'Davis', 'jonesbrian@yahoo.com', '6^0OBTGp&o', '490-855-9770', '3735 Murray Unions', 'Apt. 297'),
('Morgan', 'Adams', 'andrewchen@simpson.com', '(R4luUzZV6', '932-654-4842', '817 Williams Pine Apt. 291', 'Suite 673'),
('Jessica', 'Fields', 'deborahshaw@brown.com', '0E!6(4WgP*', '+1-902-991-4488x5562', '4281 Sharon Meadow Suite 553', 'Apt. 853'),
('Valerie', 'Watkins', 'richard98@hotmail.com', '+Wg0H5rd@G', '066.205.9558', '742 Kirby Greens Apt. 798', 'Apt. 928'),
('Matthew', 'Ross', 'nicolecrawford@turner-wilson.com', '^d7TIN9dK!', '010.550.0701x7509', '78609 Edward Lakes Apt. 886', 'Suite 774'),
('Ashley', 'Buchanan', 'melaniewebb@ali.com', 'Dd)8uPbbU$', '+1-386-587-9971x51752', '070 David Stream Suite 990', 'Apt. 121'),
('Nicole', 'Williams', 'hudsonjennifer@gmail.com', '+njZyl7q68', '570.665.3122', '61843 Williams Mission', 'Apt. 110'),
('Michael', 'Buchanan', 'melissaowen@ward-harris.net', '&$wQS4HlVJ', '8899146658', '585 Darryl Villages', 'Suite 618'),
('Matthew', 'Clark', 'kwilson@hotmail.com', '#4qSTWyi!5', '727-106-5849x2924', '4426 Shannon Fields Apt. 133', 'Suite 280'),
('Kathleen', 'Harris', 'williamsdavid@schmitt.biz', '*%cS+Jv4*5', '+1-604-159-3519x5340', '975 Herrera Roads Apt. 164', 'Apt. 110'),
('Brianna', 'Lopez', 'thampton@kirk-lewis.com', '7s2jFj#H_%', '001-506-210-2379', '2035 Meghan Courts Suite 194', 'Suite 802'),
('Nicholas', 'Wallace', 'joannabrown@rivera-stone.com', 'b0ILXykh&P', '+1-923-760-8216', '60801 Hayley Cove', 'Suite 351'),
('Kevin', 'Benjamin', 'gonzalezmeredith@lopez.com', 'F(992FjmJW', '001-717-224-4537x8583', '58717 Julie Centers Suite 315', 'Apt. 980'),
('Regina', 'Black', 'sandrawood@hammond.com', '(Bv^ZcL58U', '487.214.1409x77889', '95643 Bradley Burg Apt. 283', 'Suite 094'),
('Julie', 'Gibson', 'morganlauren@yahoo.com', 'Dm+0#IHl3!', '745.710.9228x07952', '047 Jeffrey Motorway', 'Apt. 089'),
('Holly', 'Andrews', 'paul26@gmail.com', '#18RChgHP%', '882.648.7546x114', '814 Nunez Stravenue Apt. 984', 'Apt. 989'),
('Theresa', 'Lynch', 'thompsonshannon@gmail.com', 'G!6%GUosS+', '(201)644-4992', '0264 Hanson Neck Apt. 418', 'Suite 755'),
('Toni', 'Payne', 'bcook@yahoo.com', 'xj2BxL(L_+', '(207)726-9823x769', '326 Leslie Well Suite 781', 'Apt. 636'),
('Michael', 'Brown', 'jason61@yahoo.com', 'zc*2NlitZI', '(711)106-0610x82610', '1443 Marsh Key Apt. 499', 'Apt. 007'),
('Daniel', 'Thompson', 'brookepratt@thompson-lane.org', 'mV_4EmY(^&', '+1-451-081-8358x0590', '722 Roberto Prairie Apt. 708', 'Suite 274'),
('Lauren', 'Garner', 'ggutierrez@gmail.com', 'gqHdVowg#4', '057-628-2496x8682', '52416 Zuniga Mission', 'Apt. 660'),
('Andrew', 'Cruz', 'saundersdaniel@yahoo.com', 's+8PMMqh04', '001-337-137-7622', '131 Anderson Well Suite 895', 'Suite 959'),
('William', 'Wilson', 'andersonnicole@best-robinson.org', 'M2u_G#f*+l', '073-291-6193', '310 Griffin Course Suite 274', 'Suite 148'),
('Katherine', 'Gonzalez', 'amy31@gmail.com', '@1pVvx(e$G', '(506)801-8572', '8004 Leach Lane Suite 926', 'Suite 326'),
('Scott', 'Hunter', 'fmelton@kelly.net', 'uoNP43XbK&', '368-914-6979', '7696 Wilkerson Expressway Apt. 895', 'Apt. 600'),
('Melissa', 'Howell', 'petersonpamela@gmail.com', 'w7I@a($p%P', '426-667-4413', '20598 Kristina Dale Suite 482', 'Apt. 446'),
('Holly', 'Smith', 'luisbrooks@hotmail.com', '$6NabURP$8', '(002)386-9475x8066', '39308 Archer Stream', 'Suite 919'),
('Cheryl', 'Smith', 'simmonsscott@smith.com', '@D1nM0Czw@', '266.940.4050x4337', '014 Stafford Skyway Suite 925', 'Suite 587'),
('Carol', 'Rogers', 'joseph88@dennis.com', 'Bh!0Q#lzp)', '001-721-564-3119x33168', '9978 Harrison Court', 'Apt. 015'),
('Veronica', 'Glass', 'davisjohn@hotmail.com', '#_ptZDvfE3', '(099)485-2296x173', '4305 Angelica Wall', 'Suite 537'),
('David', 'Beck', 'hoovercharles@gmail.com', '_4EB@Cg!Gg', '001-096-555-1374x87320', '9898 Morris Roads', 'Suite 181'),
('Alexandra', 'Ware', 'lori71@lee-christensen.biz', ')YcQz3Vb8%', '(546)010-6993x5276', '737 Geoffrey Summit', 'Apt. 828'),
('Amanda', 'Werner', 'tbrown@davis-gonzales.com', 'tfEjDE5q&7', '250-699-0596', '1748 John Oval', 'Suite 177'),
('William', 'Grant', 'ysullivan@hotmail.com', 'BSXc(eYu#7', '008-592-9127x760', '9611 Trujillo Hill', 'Suite 573'),
('Gregory', 'Mccarthy', 'nmontes@gmail.com', '#bb%6Fso99', '520-236-0053x4353', '06258 David Mills', 'Suite 677'),
('Abigail', 'Phillips', 'shawglen@smith-scott.com', '5#4P1YHmi@', '486.496.1519', '442 Thomas Viaduct Suite 832', 'Suite 173'),
('Kelly', 'Tyler', 'timothygonzalez@hebert.com', '(Fka9vTk4O', '015.459.9081', '00481 Bush Plains Suite 792', 'Suite 903'),
('Sara', 'Gomez', 'austin00@washington.com', 'sH7W0hng&e', '357-417-5698x833', '3537 Julie Square', 'Apt. 401'),
('Michael', 'Vargas', 'elizabethtorres@hotmail.com', ')9hLEaF7Cj', '(576)997-6644x380', '834 Patricia Manor Apt. 719', 'Apt. 719'),
('Patricia', 'Compton', 'stephanienichols@gonzales-johnson.info', '$o4GBZb6G0', '+1-499-814-3743x684', '7713 Melissa View Suite 957', 'Suite 822'),
('Wesley', 'Pena', 'walkervictoria@peterson.org', 'j%18!CMqyy', '+1-383-355-5485x81443', '936 Roman Forge Suite 760', 'Apt. 399'),
('Walter', 'Taylor', 'terrigrimes@hotmail.com', 'V#rjN0Xr@%', '5353596026', '0508 Kevin Groves Apt. 059', 'Apt. 307'),
('Katrina', 'Golden', 'jose34@irwin.com', '320#P$Ag!T', '+1-195-019-3957x83764', '4785 Jeremy Motorway', 'Suite 652'),
('James', 'Herman', 'bryan97@yahoo.com', '&x0vGLlHP2', '7008662393', '846 Tom Estate Suite 827', 'Suite 040'),
('Jerry', 'Hall', 'zfoster@jensen-chandler.info', '&40Qrnz_l!', '(022)965-9284', '269 Rodriguez Parks Suite 858', 'Suite 835'),
('Jorge', 'Delacruz', 'amberblack@gmail.com', '^ErzaShj6W', '+1-741-648-4174x2082', '70715 Charles Keys Suite 431', 'Apt. 934'),
('Christine', 'Briggs', 'christina26@hotmail.com', 'j*4L7xzx%i', '054.362.4162x65002', '7264 Hernandez Creek Suite 660', 'Suite 013'),
('Edward', 'Barnes', 'martinvictoria@shelton.com', '(#j24PfpWQ', '228.144.9498x219', '744 Mcneil Estates', 'Apt. 571'),
('Todd', 'Nelson', 'margaret15@mullins.com', 'C&x5%5ZrJt', '9277945716', '08595 Huber Coves', 'Suite 012'),
('Victor', 'Richard', 'logan73@edwards-sullivan.org', '%m2Rr3*!Y6', '+1-552-690-8031x087', '3435 Parsons Cove', 'Suite 170'),
('Gregory', 'Mitchell', 'zmartin@rhodes.com', 'j#3A89mSMQ', '422.213.2354x62374', '0826 Duncan Drive', 'Suite 391'),
('Kristine', 'Hernandez', 'lisawyatt@marquez-griffith.net', 'YcH+FruA^3', '(750)897-9957x934', '84718 Alexandra Cape Apt. 098', 'Apt. 775'),
('Blake', 'Bryant', 'wgarner@gmail.com', 'wPESAN_l#1', '4957347168', '534 Lane Mill Suite 310', 'Apt. 229'),
('Kelly', 'Avila', 'amberwilson@yahoo.com', '#4*TiP@oy(', '440-213-5517x2072', '062 Steven Port', 'Apt. 360'),
('Jeffrey', 'Osborne', 'erik93@sanchez.info', 'O%bp2+Fkfd', '552.369.4244', '26983 Erin Rapid', 'Suite 798'),
('Tonya', 'Reed', 'adam59@conway.com', '#UBp6EgD9p', '+1-342-608-4748', '684 Eric Stravenue', 'Apt. 583'),
('Keith', 'Landry', 'caseycraig@hughes.info', 'x6(DqgAg(9', '514-039-1376x0082', '14804 Craig Estates', 'Suite 569'),
('Priscilla', 'Aguirre', 'krichards@gmail.com', 'mDv7J_@b(o', '+1-344-513-3147x2346', '16859 Brandon Avenue', 'Suite 919'),
('Stephen', 'Galloway', 'jimmymcclain@gmail.com', '_6VGpv&i(m', '+1-584-797-1762x2291', '70525 Sara Ramp Suite 156', 'Suite 761'),
('Harry', 'King', 'crystal34@yahoo.com', '51pAFhO1%t', '5991985592', '36713 Darrell Knolls Apt. 140', 'Suite 306'),
('Sheri', 'Johnston', 'aguilarnicholas@gmail.com', '$6EocEVim&', '+1-628-419-7948', '443 Lewis Park', 'Apt. 953'),
('Jerry', 'Burns', 'brittneygaines@everett.com', '^9M1GngH*O', '975.585.7766', '9780 Raven Walk Apt. 292', 'Suite 087'),
('Jesus', 'Ross', 'kimberlywhite@yahoo.com', '(8h63nYkg*', '708-179-2128x126', '9477 Preston Crossing Apt. 041', 'Suite 974'),
('Denise', 'Juarez', 'kathyhawkins@gmail.com', 'P7h6CP)y&r', '001-860-197-9595x1754', '4301 John Views Suite 953', 'Suite 323'),
('David', 'Cardenas', 'ballamanda@yahoo.com', '^pNJetnMx2', '(807)889-4952x64821', '553 Eric Ridge Suite 283', 'Suite 170'),
('Alejandra', 'Ruiz', 'saunderssarah@flores-carson.biz', '&q$I7VkxP_', '063.139.4677', '61444 Watkins Roads Apt. 101', 'Suite 868'),
('Kimberly', 'Warren', 'uspencer@jordan-singh.com', '2z8MnU#h&9', '(977)780-5542x129', '14672 Brown Squares', 'Suite 972'),
('Jennifer', 'Conner', 'joelburton@delacruz.com', '^ai1L!&f*8', '(643)242-1713x8958', '97715 Santana Fork Apt. 802', 'Apt. 725'),
('Danielle', 'Martinez', 'churchjames@reese.biz', 'Vrl0OJl+&o', '7809520149', '621 Michael Dam Apt. 563', 'Suite 412'),
('Katherine', 'Melton', 'cochranevelyn@gmail.com', 'd6J_YRj_(r', '340.100.6271x183', '33713 Johnson Island Apt. 174', 'Suite 833'),
('David', 'Fisher', 'brownchristopher@duncan.com', '%)(3Gid%x4', '001-133-468-4458x8856', '35148 Nichols Valley Apt. 947', 'Suite 710'),
('Stephanie', 'Watkins', 'vbarnett@pacheco-schwartz.com', 'J4Gw8)h9!8', '8421160307', '10671 Morris Port', 'Apt. 872'),
('Theresa', 'Scott', 'erika35@maldonado.info', 'JSpNCZtg@1', '(507)908-6083', '5245 Rios Loaf Suite 947', 'Apt. 862'),
('Priscilla', 'Ross', 'emily29@yahoo.com', '&3VM8RfF$l', '2002490728', '212 Harry Turnpike', 'Apt. 264'),
('James', 'Mitchell', 'christophermyers@randall-day.com', 'b&fPJKrS@6', '001-066-062-0333', '42158 Rodriguez Garden Suite 255', 'Suite 987'),
('Matthew', 'Burgess', 'suzannesullivan@james.net', '$f903NjKi&', '455-909-0455x38987', '642 Decker Burgs', 'Apt. 407'),
('Lynn', 'Christensen', 'gary69@burns.com', 'U2I)%xPL%H', '+1-216-811-3644x8382', '6621 Hall Fort Suite 280', 'Suite 279'),
('Pamela', 'Montgomery', 'christopherchurch@johnson.net', 'w9M$&Fil&k', '+1-240-393-9094', '1924 Jeffrey Centers Suite 853', 'Apt. 685'),
('Tamara', 'Brown', 'oconnorregina@green.com', '&Wig2Gl$By', '646.629.4304', '51657 Sharon Passage', 'Suite 547'),
('Richard', 'Hoover', 'ireed@watts-tran.com', '2j7Rz43L7*', '248-024-9681', '067 Daniel Canyon', 'Apt. 168'),
('Jessica', 'Collier', 'jmolina@simpson.com', '0!Xi5NgGAF', '(799)460-0287x30375', '686 Daugherty Skyway Suite 462', 'Apt. 779'),
('Bethany', 'Shepherd', 'thomasheather@hotmail.com', '@q4#5eMh_D', '001-798-145-2485x6945', '58653 Lisa Brooks', 'Apt. 614'),
('Jonathan', 'Hansen', 'nicholastucker@heath.com', 'v$NZJBXeh1', '+1-826-439-7740x20891', '829 Michael Trafficway', 'Suite 830'),
('Zachary', 'Perez', 'brian57@powers-thompson.com', 'p1ZS)XSw*E', '554.149.9254', '524 William View', 'Apt. 177'),
('Bryan', 'Parsons', 'katherinefranklin@lee.org', '!zTUaHZt4D', '215-960-5270x49381', '961 Patricia Island Suite 753', 'Apt. 999'),
('Kimberly', 'Morrison', 'iblair@hotmail.com', 'hwB8Ql!b#4', '(401)163-2176', '0530 Robertson Mills', 'Apt. 874'),
('Sheena', 'Haas', 'briley@guerra-contreras.biz', 'l_Sx%O@r$1', '+1-453-695-2081x968', '809 Barbara Gateway', 'Apt. 805'),
('Patrick', 'Hayes', 'bakerashley@hotmail.com', '6+8Y!Hmg#t', '922-401-2423', '3284 Powell Stream', 'Suite 181'),
('Susan', 'Craig', 'juan09@hotmail.com', '_2x5WFlW%I', '001-560-252-5717x82414', '47939 Smith Cove', 'Suite 231'),
('Jacqueline', 'Lee', 'fletcherlauren@yahoo.com', 'bo7Brkew$$', '417.438.0662x77652', '6217 Gordon Forge', 'Suite 133'),
('Tara', 'Miller', 'terry64@davis.org', 'Vr^yR9LxoA', '376-004-2201', '24104 Osborn Plaza', 'Apt. 018'),
('Debra', 'Cardenas', 'flyons@hebert-caldwell.com', 'CSV8PpiRa&', '863-041-7428x056', '76348 Osborne Garden', 'Suite 430'),
('Timothy', 'Mendoza', 'deleonmichael@liu-dunn.com', ')Ya8Su1@BV', '619.236.0922x42306', '9261 Caldwell Common Apt. 760', 'Suite 401'),
('Joshua', 'Blackburn', 'daniel74@foley.com', 'JwG27Gi*(5', '639-620-2803x345', '390 Bennett Oval', 'Apt. 053'),
('Thomas', 'Friedman', 'matthew91@evans-reeves.info', '@04d@Suwa7', '001-850-505-8661x328', '8549 Blair Island', 'Suite 745'),
('Jonathan', 'Ortiz', 'bryanjoseph@miller-king.com', '!GU6+J(k3x', '1852674291', '546 Rodriguez Flat', 'Suite 674'),
('Michael', 'Walker', 'whitneykayla@gonzales-hardy.com', 'y#w+9UPjh_', '(463)339-1763x71452', '316 Katherine Hills Apt. 133', 'Apt. 322'),
('Dawn', 'Hahn', 'smithgina@bush.org', '$s3EPNv2$h', '502.218.1737', '179 Lewis Corner Apt. 084', 'Apt. 354'),
('Gabriel', 'Ellis', 'ewalker@yahoo.com', 'q^05AQk9MY', '(090)759-0560x2070', '20153 Anderson Walks Suite 904', 'Suite 790'),
('Sarah', 'Sanchez', 'jacksonanna@gmail.com', '5Fe2baOi9^', '001-002-497-7532x993', '103 Matthew Tunnel Suite 131', 'Apt. 866'),
('Melissa', 'Friedman', 'jacob01@williams-miller.com', 'o1D)upf1$h', '+1-211-591-1266x9979', '1107 Williams Meadow Apt. 832', 'Suite 360'),
('Danielle', 'Hampton', 'osanders@dunn-riley.biz', 'u2KGd4Ar&z', '639-675-1212x015', '5361 Diaz Square', 'Suite 669'),
('Anna', 'Garcia', 'fosterkathy@hotmail.com', '(4iTmuA1(@', '859.764.9643', '8939 Jason Mountain Apt. 416', 'Apt. 289'),
('Steven', 'Jones', 'jacksonryan@hotmail.com', 'a396SliY$&', '074-936-9914x3805', '32774 Valdez Alley', 'Apt. 184'),
('Darrell', 'Thomas', 'kimberlysimpson@hotmail.com', 'K!B8AtFd#9', '9680973020', '943 Wilcox Hollow Suite 268', 'Apt. 244'),
('Jacqueline', 'Church', 'amycasey@martinez-clark.com', 'XIS!U8Qo4V', '6876013147', '2114 Hickman Green Suite 653', 'Apt. 298'),
('Melanie', 'Collins', 'pottermanuel@smith.com', 'oF12POsst$', '149-972-4013x6954', '06535 Lowe Squares', 'Suite 076'),
('Kelly', 'Farrell', 'kowens@hotmail.com', '$7REFyaaSc', '+1-251-168-1516x20939', '173 Andrews Highway', 'Apt. 032'),
('Jeremy', 'Banks', 'gsmith@gmail.com', '+5ClfWw#VT', '(914)637-6868', '6021 White Valleys Apt. 887', 'Suite 331'),
('Cynthia', 'Lee', 'jbrown@yahoo.com', 'la0sEaHv3*', '309-331-7877', '02766 Anne Green', 'Apt. 266'),
('Jason', 'Ross', 'morriskenneth@adams-snyder.com', ')nnpq7VvKY', '001-155-286-9914x443', '09454 Garza Estates', 'Apt. 100'),
('Matthew', 'Baker', 'kevin57@gmail.com', 'VG@n3dnlc%', '176-477-7168x694', '392 Chloe Locks', 'Suite 201'),
('Phillip', 'Wilson', 'williamsdanny@sanchez.org', '#M^3iXoyP@', '+1-220-467-2624x3573', '0992 Burke Port Suite 874', 'Apt. 546'),
('Tiffany', 'Miller', 'mspencer@yahoo.com', 'odyZQG4+%5', '616.921.0572x62391', '77667 Miller Expressway Apt. 949', 'Apt. 853'),
('Emily', 'Leon', 'belindastone@gallegos-rivera.net', 'q&Dht1QuwC', '001-739-202-9452x3284', '604 Nelson Village', 'Suite 619'),
('Vickie', 'Sanders', 'laurasanchez@campbell.com', '(!GUfiMd1@', '(041)658-4142x476', '2581 Sheila Meadow Apt. 807', 'Suite 771'),
('Pam', 'Quinn', 'benjamin17@farley.info', '1*LJ2B#uRc', '723-716-5403', '3345 Susan Loop Apt. 164', 'Suite 315'),
('Anthony', 'Brown', 'gainesaustin@jones.com', '^3uD3l78qR', '(940)782-1422', '8402 Torres Curve Apt. 851', 'Apt. 475'),
('Theresa', 'Dalton', 'christinagomez@yahoo.com', '@3eiATxT!p', '472.969.0868x1662', '1285 James Extensions Apt. 454', 'Apt. 848'),
('Marcus', 'Andrews', 'meyerslarry@gmail.com', '&IGWPolby3', '778.856.7731', '9970 Peters Lane', 'Apt. 261'),
('Mark', 'Lewis', 'whuynh@gmail.com', 'jmp5aP&o*Q', '(125)804-7088x6688', '0866 Shaw Cove Suite 588', 'Apt. 506'),
('Vanessa', 'Flynn', 'kathleengrant@gmail.com', 'r0Hc9eqx)z', '505.327.9768', '723 Kim Row', 'Apt. 613'),
('Deborah', 'Dougherty', 'ricardo36@higgins.info', 'fF7Pr(bWC(', '+1-279-655-0398x358', '1933 Christina Squares Apt. 244', 'Apt. 989'),
('Samantha', 'Jones', 'christopher33@collins.com', '^9Orky1oA6', '001-683-394-0398', '56078 Bartlett Terrace Apt. 268', 'Apt. 861'),
('Dana', 'Griffith', 'jenniferanderson@bennett.com', '6w)Y4aI3G$', '2750907482', '8307 Smith Shores', 'Suite 020'),
('Leslie', 'Sanchez', 'joseph31@fields.net', '6*5It_qWPh', '011.493.4973x873', '088 Mitchell Camp', 'Suite 810'),
('Karen', 'Leonard', 'connor33@gmail.com', 'svIJ2J*q$2', '(833)912-3151', '52144 Heidi Gateway', 'Suite 363'),
('Richard', 'Cervantes', 'jessicadavis@moore-crane.biz', 'k$9yKfIoKA', '+1-198-292-8802', '49319 Bowman Mall', 'Suite 385'),
('Jason', 'Daniels', 'briannahill@kelley-thomas.com', 'z%R5lbAwOG', '001-579-588-3532', '563 Greene Rest Suite 052', 'Apt. 912'),
('Travis', 'Bennett', 'andersonchristopher@gmail.com', ')q5Uxk^k#2', '001-197-305-3812x21525', '97067 Justin Mission', 'Suite 320'),
('Victoria', 'Morgan', 'meghandavis@gmail.com', '_3bTMXubM$', '681-243-0261', '6383 Cole Extensions Suite 832', 'Apt. 475'),
('Leslie', 'Long', 'bobbysmith@gmail.com', 'g71VU+oh#y', '731.974.4235x5976', '68017 John Island', 'Apt. 445'),
('Paige', 'Smith', 'vickie59@yahoo.com', ')xkRFOw(&2', '(752)303-7895x988', '40296 Crawford Crossroad Suite 066', 'Suite 023'),
('Christopher', 'Barnes', 'jacquelinefrye@hotmail.com', 'lG&7RhMb^6', '+1-907-572-3762x44624', '644 Manning Roads Apt. 804', 'Suite 610'),
('Christy', 'Key', 'mariamaldonado@gmail.com', 'y!W0c9JR9e', '555.077.8666', '38000 Jenkins Flats', 'Suite 028'),
('Daniel', 'Johnson', 'kgomez@ross-washington.info', 'BG_9yDa(b$', '(961)699-0985x90137', '6529 Martin Spurs', 'Apt. 132'),
('Andrew', 'Johnson', 'dana70@hotmail.com', 'J@sS3Kga2l', '5152626566', '417 Gonzalez Mill Suite 923', 'Apt. 395'),
('Brandy', 'Huang', 'rickyclark@mcmillan.com', 'a(+l5Wu1DM', '187-403-2108x40176', '511 Donald Squares', 'Suite 231'),
('Duane', 'Ray', 'graycindy@fritz.com', '_3v6B9Apis', '(929)005-0435', '1439 Gina Streets', 'Suite 673'),
('Donald', 'Ryan', 'curtisstephanie@gmail.com', 'G9smKWtp@y', '265.433.7639', '8984 Luna Mountain', 'Suite 038'),
('Kevin', 'Sanchez', 'tscott@yahoo.com', 'Kroq%3XtE&', '295.737.2300', '0426 Tamara Pine', 'Suite 855'),
('Amanda', 'Perkins', 'watkinsthomas@moran.org', ')NDznBMR)9', '(759)015-9353', '281 Jerry Oval', 'Suite 523'),
('Anthony', 'Acosta', 'kaitlyn38@white.com', 'xPN9Q+tR$4', '856-098-8582', '2355 Matthew Forges', 'Apt. 889'),
('Christopher', 'Hart', 'ohenry@yahoo.com', '!^Y0EnsKC(', '747.254.9066', '2737 Nancy Stream Suite 636', 'Suite 835'),
('Leslie', 'Roberts', 'leelisa@yahoo.com', '#xCrd1db08', '(471)643-8183', '29641 Alejandra Extension', 'Suite 452'),
('Lauren', 'Lopez', 'jonesbrianna@logan.com', '$h)3MSDy35', '(327)108-3705x787', '093 Mueller Lane Apt. 944', 'Apt. 004'),
('Jackie', 'Rodriguez', 'theresajackson@cox.net', '(jjpBAoPa3', '071.663.8138x5250', '267 Christopher Inlet', 'Apt. 459'),
('Noah', 'Kelley', 'ehampton@lowe-ramos.com', 'v1R_N5WzA+', '410.999.3153x49498', '839 Deborah Lodge Suite 175', 'Apt. 899'),
('Lauren', 'Holmes', 'jerome41@johnson-cordova.org', '#X2zGctkVJ', '9024994821', '75910 Melissa Park', 'Suite 571'),
('Rebecca', 'Mcguire', 'pattersonpatrick@harrington.org', '@X1KVivCwW', '648-560-3511x5936', '2223 Douglas Inlet Apt. 975', 'Suite 388'),
('Mary', 'Ray', 'ana59@carson.com', '59CA@$Wc)b', '0807861874', '9224 David Locks', 'Apt. 373'),
('Scott', 'Sheppard', 'wesleystone@deleon-hart.com', '#^t1ZkwRO)', '986-196-2592', '0557 Gina River', 'Suite 392'),
('Michael', 'Roberts', 'ramirezkatherine@gmail.com', '_MCh4^Xv99', '331.740.1719x281', '6250 Keith Lake Suite 644', 'Apt. 813'),
('Katherine', 'Jones', 'ychambers@gmail.com', '!_P7FaIm+f', '001-529-226-8847x1020', '93452 Courtney Green', 'Suite 866'),
('Christopher', 'Davis', 'heather04@hotmail.com', 'r0o3W1wQ@f', '267-721-4339x06818', '365 Courtney Plaza', 'Apt. 928'),
('Stephanie', 'Snyder', 'reyesanthony@warren-martinez.com', '(pQn6ecDC2', '+1-415-978-6938x8612', '66740 Robert Street Suite 322', 'Suite 335'),
('Danny', 'Robles', 'oblankenship@wallace-perez.info', '7j@75JIO+@', '4140708165', '0196 Hernandez Junctions Apt. 348', 'Apt. 248'),
('Danielle', 'Fitzpatrick', 'klinecrystal@hall-foster.com', 'UI3I$ZSf)h', '405.374.8990', '59875 Brittany Light', 'Apt. 196'),
('Anthony', 'Powell', 'roy59@gray.biz', 'Y3x*N@fi)j', '658.010.5799x749', '8682 Emily Hills', 'Suite 551'),
('Brandon', 'Young', 'logan45@bowers.biz', 'YR7DK7z4!R', '653-734-8695x660', '21074 Parker Course Suite 068', 'Suite 930'),
('Brenda', 'Young', 'barbara08@gmail.com', 'arV2#Mzf$C', '+1-029-729-4736x131', '4750 Natalie Drives Apt. 173', 'Suite 808'),
('James', 'Underwood', 'jackmoses@gmail.com', 'lO#p@xDC^6', '+1-562-359-8153x5980', '13564 Butler Brook', 'Suite 084'),
('Sara', 'Morales', 'vrodgers@edwards-powers.com', 'gJ6G2nyB)A', '+1-158-333-5963x676', '36512 Horne Falls', 'Suite 770'),
('Michael', 'Peterson', 'valentinemichael@harris.com', 'SmU1VmU)%5', '(000)519-4863', '416 Bradley Burgs Suite 115', 'Suite 253'),
('Adam', 'Montgomery', 'kaylacaldwell@yahoo.com', 'Gy+0DKEhW5', '001-738-322-6257x359', '793 Burgess Underpass', 'Suite 770'),
('Dawn', 'Barr', 'wendymosley@gmail.com', '1T%j%2TgG1', '817.598.3177x7266', '309 Greene Viaduct', 'Apt. 945'),
('George', 'Gilbert', 'pjohnson@newton-hart.info', 'W@9NAja23d', '001-544-875-8400', '3860 Parks Fords Suite 305', 'Apt. 464'),
('Raymond', 'Gray', 'cknight@gmail.com', '&xPFLIxcC8', '973.084.0950', '6020 Jessica Junction', 'Suite 818'),
('Michelle', 'Fuller', 'deannapayne@rogers-stevens.net', '%7OO3MzAh2', '(843)521-3099x87442', '416 Rebecca Falls Suite 333', 'Apt. 803'),
('Matthew', 'Weeks', 'malik71@gmail.com', 'q6VrY0r(@3', '+1-998-525-7761x9096', '305 Sheryl Expressway Apt. 221', 'Apt. 878'),
('David', 'Robertson', 'carolyn10@hotmail.com', '4aJY9Cu@y*', '953.558.8114', '4900 Raymond Mills', 'Suite 275'),
('Scott', 'Deleon', 'sjordan@fisher-perez.com', '@0PXc6Za8U', '001-768-005-3929x8586', '8357 Sanchez Terrace Apt. 384', 'Apt. 354'),
('Heidi', 'Kirk', 'lambertjohn@robinson.com', '@M8mZKyaY^', '646.478.4714x70826', '223 Sarah Light Apt. 697', 'Apt. 536'),
('Laura', 'Cain', 'ewalker@gmail.com', '%o898Rco@1', '568.439.1608x7083', '76476 Miranda Grove', 'Suite 465'),
('James', 'Lewis', 'woodann@hotmail.com', '&E4Iz$PJz&', '(803)129-0584x3006', '903 Stephens Manors', 'Suite 643'),
('Jonathan', 'Powell', 'barnessarah@gmail.com', '#Wi4Cen3_#', '873.309.4566x7079', '848 Catherine Pines Suite 138', 'Suite 568'),
('Stephen', 'Ramos', 'rodrigueznicole@hotmail.com', '2u3KSrWKj$', '(220)667-5975', '112 Martinez Rue', 'Apt. 771'),
('Jesus', 'Baker', 'gouldjamie@gmail.com', 's3(CvaWi)_', '200.526.8804', '396 Patrick Mountain Suite 713', 'Apt. 833'),
('Kimberly', 'Francis', 'zpoole@yahoo.com', ')^q3qADhXI', '3746312056', '3244 Peterson Squares', 'Suite 871'),
('Sabrina', 'Mills', 'heathervasquez@vang.com', '*3er_9Wg_*', '(205)533-7938', '2817 Danny Neck', 'Suite 720'),
('Matthew', 'Middleton', 'jonwheeler@carter.info', 'FO2Qdst0&M', '+1-770-018-3374', '048 Robert Dam', 'Suite 151'),
('Andrew', 'Richards', 'fsmith@duncan-scott.biz', 'JH7hsZtc)7', '001-426-796-9676x396', '4570 Ray Divide Apt. 789', 'Apt. 337'),
('Claire', 'Anderson', 'singhwilliam@yahoo.com', '(dOaX!N8)*', '(626)719-6912', '390 Walter Radial', 'Apt. 679'),
('Natasha', 'Fields', 'gmaxwell@singh.com', 'E2)WGy_k_h', '955.281.1569', '4947 Kaitlyn Circle', 'Apt. 660'),
('Mark', 'Rogers', 'bonnierobinson@gmail.com', '*$gZHcHDQ4', '+1-708-855-6482x2543', '381 Moore Roads Apt. 722', 'Apt. 121'),
('Ashley', 'Smith', 'evelyn91@lyons.net', 'S%!*7Zxc%4', '001-853-419-5800x370', '7064 Owens Stream Suite 264', 'Suite 411'),
('Victor', 'Johnson', 'ebonyluna@yahoo.com', 'U#Z@8P#upS', '001-713-555-1880', '486 Baird Lakes', 'Apt. 539'),
('Jonathan', 'Frazier', 'ycampos@anderson.info', 'f62Fg^im&h', '001-878-403-3970', '4967 Duncan Mount Suite 633', 'Apt. 123'),
('Amy', 'Moyer', 'theresa51@blair.com', 'Ra7Qxn^#)7', '(209)884-9939x89190', '90105 Sheri Tunnel', 'Apt. 464'),
('Elizabeth', 'West', 'ramoslaura@hotmail.com', 'fztP&3Sig_', '896.363.8791x97785', '011 Olson Wall', 'Suite 164'),
('Elizabeth', 'Burns', 'emayer@holden-martin.info', '!AZx)poX79', '601-660-7145x185', '22913 Carter Camp', 'Suite 106'),
('Stanley', 'Kim', 'lynchshawn@peck-hernandez.com', 'I9gchEaz&t', '531.848.6562', '01043 Katherine Streets', 'Apt. 830'),
('Dean', 'Smith', 'murphyscott@craig-wright.org', '3b4mVUpy)3', '373.746.7094x74600', '9984 Andrea Way Apt. 529', 'Apt. 780'),
('Catherine', 'Mullen', 'jshaw@bailey.net', '@88%WW7#*o', '(268)866-6910', '2604 Charles Island Apt. 632', 'Suite 268'),
('Kevin', 'Butler', 'david77@gmail.com', 'p27#Sbbj%U', '001-533-769-8154x984', '6302 Watson Turnpike', 'Apt. 680'),
('Jay', 'Ferguson', 'amywoods@yahoo.com', '6kWP@gsS(r', '383.599.4765x784', '99572 Garcia Prairie', 'Apt. 296'),
('Andrew', 'Cobb', 'miguel93@hotmail.com', '!uNbac%iE5', '461.957.3783', '099 Gregory Stravenue Apt. 273', 'Apt. 593'),
('Todd', 'Johnson', 'ashleymartinez@taylor.com', 'L&2ByenfAu', '001-419-517-1543x863', '66288 Hull Crest Apt. 991', 'Apt. 826'),
('Monica', 'Garrison', 'vtaylor@garcia.com', '(Pco$VYum5', '852.667.7083x970', '754 Cook Extension Suite 655', 'Apt. 399'),
('Kathleen', 'Hoffman', 'bradley68@hotmail.com', '++2QtwgDsD', '(165)498-0061x5447', '90931 Catherine Neck', 'Apt. 112'),
('Samuel', 'Baker', 'angela24@gmail.com', '#6zW9Vz&(y', '474.009.5061x03267', '567 Michael Radial Suite 598', 'Apt. 790'),
('Tina', 'Franklin', 'whitney22@cherry.com', 'XOQMu7Wb!h', '001-122-676-1948x8137', '68544 Eric Mill Suite 090', 'Apt. 937'),
('Bobby', 'Flores', 'thomashunt@gmail.com', '*Y@Pc1Ry_3', '272-332-8743', '57474 Nicole Alley Apt. 392', 'Apt. 963'),
('Robert', 'Black', 'eroberson@hotmail.com', 'i%zs72Iou+', '228-709-4602', '516 Laura Lights Suite 704', 'Suite 528'),
('Taylor', 'Olsen', 'qstafford@cox-carpenter.com', 'EBZ8%CfwD_', '035-336-9816x10581', '60647 Foster Cliffs Suite 675', 'Suite 355'),
('Anna', 'Cook', 'john57@rodriguez.com', '*(dW9tzub4', '+1-050-115-6219x2429', '945 Moran Plaza', 'Suite 513'),
('Tammy', 'Hernandez', 'nathanielrodriguez@rodriguez.com', 'zw5X@#Vcg+', '898.039.6755x846', '309 Newton Cove', 'Apt. 887'),
('Benjamin', 'Navarro', 'christy34@yahoo.com', '+&6FqWG#ok', '001-925-444-2047x5653', '9905 Laura View', 'Apt. 258'),
('Erika', 'Foster', 'scottkelley@miller.info', 'MoWE9MT8C@', '096-183-6421x8099', '398 Owen Crescent', 'Apt. 181'),
('John', 'Merritt', 'pmunoz@hotmail.com', 'q$24Zntvw_', '199-245-5684x20876', '72069 Jeremy Crest', 'Suite 539'),
('Alan', 'Taylor', 'jessicaterrell@yahoo.com', '9SXVWIo@(p', '001-852-908-7706x8425', '2133 Perez Hill', 'Suite 900'),
('Duane', 'Erickson', 'joshuajohnson@santos.com', 'f*7DOA*qwr', '863.579.6259', '147 King Isle', 'Apt. 261'),
('Sarah', 'Farrell', 'cindybarrera@gmail.com', 'Tk2CPVqz_1', '(528)624-1893', '8327 Ronald Fields Apt. 713', 'Suite 770'),
('William', 'Smith', 'ydillon@harrison-jordan.com', 'W)2ZfwzOjH', '814.550.5261x98794', '839 Price Trace', 'Apt. 287'),
('Crystal', 'Schneider', 'kristycook@ford.com', 'iqgDTJ4P#0', '046-097-9785x536', '30014 Russell Mount', 'Suite 520'),
('Ralph', 'Wilcox', 'herreramichelle@hotmail.com', 'oZ@^N3LrPK', '001-809-710-2870x4263', '990 Smith Avenue Suite 887', 'Suite 479'),
('Nicole', 'Hines', 'robertrobinson@yahoo.com', 'X3YTRsIH$@', '+1-117-738-3608', '34489 Tabitha Crescent', 'Apt. 363'),
('Kathleen', 'Frazier', 'dgrant@hotmail.com', '(^%PY_PVd9', '(069)105-7071', '0784 Nathaniel Meadows', 'Suite 432'),
('Pamela', 'Johnson', 'hernandezjeffrey@gmail.com', '6$0#vDM5Jt', '(878)145-5605', '9108 Flores Creek Suite 641', 'Apt. 338'),
('Michelle', 'Robertson', 'curtischristina@hotmail.com', 'tL67Grzw)1', '(928)465-3914x0165', '27203 Heath Ford', 'Apt. 708'),
('Christina', 'Berry', 'sherryhancock@gmail.com', '(rgqqB!$q3', '(716)854-8451x4897', '689 Thompson Plains Apt. 164', 'Apt. 604'),
('Christopher', 'Barnes', 'coreycrawford@gentry.com', '2kLo$CI6#I', '512-582-1035', '94496 Logan Village', 'Apt. 801'),
('Brandon', 'Doyle', 'brittney29@gmail.com', 'Sh1*kDvt7(', '003-132-9141x57256', '203 Brown Estates', 'Suite 021'),
('Kenneth', 'Clark', 'joannwilliamson@serrano.net', 'HoE49Thd#+', '043.306.9841', '3356 Evans Island', 'Suite 313'),
('Steven', 'Aguilar', 'melissaharper@johnson-johnson.org', 'b9YOjiIZ%n', '4815835296', '3572 Monica Squares Apt. 013', 'Apt. 906'),
('Stephen', 'Silva', 'adamstanya@hotmail.com', 'Y3sM+kTz^@', '228.229.4779', '636 Tracy Rue', 'Apt. 769'),
('Katelyn', 'Gutierrez', 'jennifergillespie@williams.info', '2VH&#2Yo7V', '169.014.5107x0408', '7346 Nichols Groves Apt. 343', 'Suite 251'),
('Glenn', 'Clark', 'sarah93@rivera-smith.com', '_ca7a%YtHg', '601.741.8164', '042 Rachel Road', 'Apt. 511'),
('Dennis', 'Jackson', 'oromero@gmail.com', '_8bfnG(!3g', '+1-888-925-0379', '8525 Jay Oval Suite 375', 'Apt. 835'),
('Robin', 'Johnson', 'derek65@white.com', '8(^t5KUtPp', '777-004-1185x8209', '081 Sparks Stravenue Apt. 275', 'Apt. 435'),
('Karen', 'Edwards', 'scott40@reed.com', '&77t)Ap)z!', '6428882841', '09004 Edgar Motorway', 'Suite 691'),
('Kristin', 'Parker', 'elliottkristina@gmail.com', '!P@9SRwmhx', '001-852-722-4065x78667', '53401 Bryant Station', 'Apt. 076'),
('Courtney', 'Barnett', 'millercynthia@gmail.com', 'T0VOM1Fl@V', '+1-007-415-0142x910', '6684 Potts Heights Apt. 952', 'Apt. 363'),
('Raymond', 'Walters', 'gsanchez@shaffer.biz', 'ruA$6GNeO#', '(327)652-7862x763', '245 Horne Vista', 'Suite 299'),
('Deanna', 'Clements', 'james60@rivera.com', '3%m4iiWfE_', '001-779-406-3385', '92061 Adam Roads Suite 346', 'Apt. 163'),
('John', 'Smith', 'victoriasanchez@cortez-tran.info', 'Eq%2uEhyA(', '277-250-4139x6901', '35570 Paul Harbor Apt. 132', 'Suite 688'),
('Melissa', 'Tucker', 'collieralexandra@osborn.info', 'ST9V82ypA%', '+1-594-188-6641', '707 Martinez Knolls Apt. 715', 'Apt. 936'),
('Alan', 'Perez', 'ymonroe@gmail.com', '$w5oDOPI1!', '+1-314-182-1920x2092', '7262 Ortega Spring', 'Suite 228'),
('Sylvia', 'Carlson', 'tonyahill@smith-lucas.org', 'Mv0MrRSq)G', '+1-572-863-4875x5393', '45453 Ethan Cliffs', 'Apt. 253'),
('Nicholas', 'Rivera', 'joe60@gmail.com', 'lYObQx^k&9', '550.855.3731x8809', '934 Amanda Freeway', 'Suite 865'),
('Russell', 'Morgan', 'justinsmith@terry.com', 'I0j8Nvs(!K', '001-659-906-3796', '314 Jaime Stravenue', 'Apt. 317'),
('Christopher', 'Stark', 'laurabond@gmail.com', '#JHFmRGcX7', '7970229494', '18513 Campbell Branch Apt. 752', 'Suite 520'),
('Anthony', 'Rogers', 'john02@hayden.com', '9Q+thWYo&i', '+1-962-205-3136x63876', '74479 Alexander Overpass Apt. 539', 'Suite 785'),
('Michelle', 'Clark', 'jenkinsharry@park.com', '_09Y&Vf6o3', '908-828-2682', '66841 Mann River', 'Suite 751'),
('Suzanne', 'Velez', 'bgill@campbell.com', 'PA8!Vw@m(*', '4400858383', '5900 Floyd Springs Apt. 422', 'Suite 366'),
('Michael', 'Goodman', 'christopherfreeman@yahoo.com', '6AH74#Wds+', '645.063.8458', '440 Robinson Plaza Suite 215', 'Suite 627'),
('Melissa', 'Robinson', 'blackpeter@brown.com', 'dq1MjkO#$(', '219-170-8170', '0433 Tran Springs', 'Apt. 666'),
('Tracy', 'Conley', 'wilcoxmichael@dean-rangel.com', 'eGG0vMkhe$', '501-372-4902', '516 Pearson Lodge Suite 266', 'Apt. 918'),
('Robin', 'Thomas', 'denisecarter@hotmail.com', '1rJDkvCh_5', '(848)154-6093x1926', '748 Melissa Shores Apt. 395', 'Suite 707'),
('Jasmine', 'Orozco', 'bowenmichael@thomas-french.info', '&4A*EoWnJ1', '553-830-0801x0419', '36553 Mary Motorway Apt. 524', 'Suite 214'),
('Donna', 'Ho', 'ustephens@adams.info', '0oPmU4E!)l', '001-293-744-8218', '84061 Kendra Crest Suite 527', 'Suite 531'),
('Emily', 'Roberts', 'ryan72@hotmail.com', 'C$08OWDpDg', '+1-703-805-7167x008', '2336 Armstrong Mountains', 'Apt. 013'),
('Ronald', 'Schmitt', 'sharptina@harmon.org', 'oCVNQ7Dc)7', '+1-574-224-6704', '06719 Eugene Fort Apt. 919', 'Suite 279'),
('Thomas', 'Davis', 'shawlonnie@gmail.com', '@68rANCh%%', '(630)195-8719x429', '53571 Ashley Via Suite 873', 'Suite 245'),
('Margaret', 'White', 'yford@gmail.com', '#l$_3Wm1Mv', '001-806-212-4830x183', '22317 Robert Park Apt. 697', 'Suite 318'),
('Alexandra', 'Brown', 'heathermaxwell@wilson.com', '1#yYMg$u*4', '5990833698', '41928 Black Junctions Apt. 057', 'Apt. 158'),
('Joan', 'Jimenez', 'jenkinsbarbara@baker.com', '^Wt3tR7m8*', '038-408-0425', '562 Coleman Garden Apt. 148', 'Suite 564'),
('David', 'Johnson', 'gatesmichele@yahoo.com', 'Wl9Ub+hK$l', '+1-879-654-0367x455', '52319 Foster Hills', 'Apt. 710'),
('Alicia', 'Key', 'kimberlyryan@hotmail.com', 'A4MmNDw*)0', '+1-152-619-1689x857', '12439 Browning Estates', 'Suite 647'),
('Michael', 'Garcia', 'carolbennett@hotmail.com', 'k%6Ic9d3MY', '001-616-722-2759', '60110 Francisco Cape', 'Apt. 709'),
('Ashley', 'Odonnell', 'leonlauren@yahoo.com', '&aCGpMw(k0', '2853180111', '046 Parker Corner Apt. 165', 'Suite 767'),
('Teresa', 'Lewis', 'benjamin58@sanchez-smith.com', 'ady8RtVg!Q', '001-027-001-5917x928', '92793 Traci Road', 'Suite 781'),
('Stephanie', 'Rogers', 'ianlowe@hotmail.com', 'K&g8YFdb*+', '3155117805', '8283 Lori Mission', 'Suite 974'),
('Nicholas', 'Hernandez', 'rileysharon@mcintyre-butler.com', 'K2FyWbkP%r', '001-102-812-8071', '14280 Cheryl Port', 'Apt. 691'),
('Randall', 'Cruz', 'edavis@clayton.net', 'Yd2gIW!f*_', '153-556-4580x13307', '67723 Sarah Freeway', 'Suite 583'),
('Jeffrey', 'Kemp', 'johnathanwright@yahoo.com', 'b8v9SE&f_%', '475.603.4699x401', '721 Henson Land Apt. 287', 'Apt. 391'),
('Jessica', 'Walters', 'jamiebecker@swanson.com', '9s1&JwSX)E', '+1-576-081-6806x3440', '383 Matthew Plaza', 'Suite 058'),
('Michael', 'Martinez', 'idavidson@gmail.com', '!nXS5bU+s3', '224.029.5623x020', '365 Jacobs Walk', 'Suite 872'),
('Steven', 'Lucas', 'rogerjimenez@yahoo.com', 'Tq#0EuR@c&', '432-831-7588x97413', '688 Dudley Knolls Apt. 417', 'Apt. 312'),
('Donna', 'Crane', 'andrew40@yahoo.com', '#HfjdZKyW8', '222.903.4058x23854', '049 Marie Ways', 'Suite 737'),
('Tiffany', 'Taylor', 'steven22@hotmail.com', '$A1)24TmGN', '213-935-9763x76766', '60753 Oliver Cove', 'Apt. 697'),
('Stephanie', 'Fletcher', 'michael48@porter.com', 'ghYcK2nK)7', '2179566322', '72201 Taylor Parkways', 'Suite 781'),
('Kent', 'Smith', 'fmiller@mcconnell.biz', '#4q_EqrpGv', '364.662.1001', '682 Nathan Mountains Apt. 084', 'Suite 089'),
('Monica', 'Buckley', 'xrodgers@gmail.com', 'Fw6VRyHtX@', '(627)337-6771x13246', '614 Lisa Via Suite 975', 'Apt. 860'),
('Alison', 'Scott', 'alexander45@yahoo.com', 'R3^2U@uPCo', '001-200-069-4927x91463', '0162 David Valley', 'Suite 480'),
('Chelsea', 'Evans', 'brucesanchez@phillips.com', 'U6&5VF(y$o', '(259)010-0555x88975', '3561 Briggs Squares', 'Suite 714'),
('Michael', 'Carlson', 'aflores@hotmail.com', 'KYBr61Tq@(', '(814)704-7758', '7671 Kenneth Knoll Apt. 792', 'Suite 161'),
('Elizabeth', 'Rojas', 'emily94@cochran.info', 'r*23T2eL0g', '(514)960-0822x00342', '7049 Tyler Mountain Apt. 737', 'Apt. 105'),
('John', 'Trevino', 'conniejohnston@hotmail.com', 'AY4NJpR3c#', '8129947198', '281 Arellano Springs Apt. 670', 'Apt. 300'),
('Stephanie', 'Smith', 'brianryan@clark.biz', 'd$2K8DsnKY', '156.897.5133', '7142 Caroline Plains', 'Suite 832'),
('Cindy', 'Fisher', 'carol82@hotmail.com', 'SI44(7Xmb!', '414-961-3392', '794 Pamela Shores Suite 439', 'Suite 214'),
('James', 'Bautista', 'erinnelson@griffin.info', 'E1JUylil+7', '+1-622-658-7715x1728', '634 Raymond Trace', 'Suite 946'),
('Timothy', 'Moore', 'brandiwright@yahoo.com', 'Wh(n3+F7$!', '001-988-135-9072x946', '01900 Bridget Neck Suite 670', 'Apt. 590'),
('Ashley', 'Valencia', 'alexis30@yahoo.com', '_ijINo1B(0', '001-846-384-1358x502', '2540 Bell Ridges Suite 951', 'Suite 610'),
('Melanie', 'Johnson', 'sloanamber@yahoo.com', '7FPWDmju@z', '866.245.0513', '06027 Gina Pass Suite 610', 'Apt. 474'),
('Christian', 'Riley', 'brandypalmer@mccarty-wright.biz', 'E^7R4NavZM', '001-904-681-6196x55634', '8478 Ward Neck', 'Suite 998'),
('Kathleen', 'Johnson', 'marchodges@villanueva.com', 'lK5!&Nb8!7', '+1-264-898-9262x372', '84561 Maureen Wells', 'Apt. 958'),
('Lisa', 'Best', 'jameswaters@sims-davis.com', '#Zb)46Tsrs', '001-770-925-1698x872', '680 Velazquez Pass', 'Apt. 886'),
('Donna', 'Casey', 'bjackson@mcdowell.com', '9m#WUhE$+n', '001-668-965-9542x68266', '13023 Waters River', 'Suite 087'),
('Chase', 'Sanchez', 'dawsonjustin@clark.com', 'Va8!J+PlF%', '791-247-7081', '47029 Brandon Streets', 'Apt. 234'),
('Sherry', 'Holloway', 'zwilliams@hotmail.com', '4zNOSQ$*&o', '915.333.2835x77909', '2564 Regina Tunnel Apt. 698', 'Suite 598'),
('Kaitlin', 'Johnson', 'karenburton@mathews.com', 'R!2CjUPwLd', '293.246.5949', '550 Walker Passage Suite 951', 'Suite 268'),
('Stacey', 'Craig', 'brenda14@potts.com', 'XDh9Rni*E@', '062.434.7455x9504', '586 April Stravenue', 'Apt. 751'),
('Jasmine', 'Cook', 'crosbysandra@gmail.com', '%03Dy6scV6', '271-716-0767x1584', '647 Sloan Forge Suite 032', 'Suite 288'),
('Zachary', 'Becker', 'thomashensley@miller.com', '4Q@A9KNm)$', '895.038.3409', '0394 Karla Loop Apt. 109', 'Apt. 904'),
('Catherine', 'Smith', 'sandersluis@hotmail.com', 'Oj7WjSRb_2', '161.617.1967', '32337 Samantha Springs Suite 346', 'Apt. 335'),
('Lori', 'James', 'yduncan@gmail.com', '$VHxhGch31', '425-606-2301', '49801 Jean Estate Apt. 700', 'Suite 175'),
('Cathy', 'Bryant', 'kstephens@miller.info', 'c+1RqoGZ_$', '534.342.4791x128', '2746 Webb Stream', 'Suite 348'),
('Amanda', 'Bentley', 'xgross@cox.com', '39Qo3PPz(w', '(356)613-4709x5329', '81371 Brent Locks', 'Apt. 596'),
('Sherry', 'Gibson', 'jennifer12@hotmail.com', '2_9Ve%6G4W', '108.965.1376x796', '5586 Buchanan Port Suite 871', 'Apt. 262'),
('Cynthia', 'Anderson', 'ryan89@hotmail.com', '*6_hZsGf$*', '(306)835-5023x940', '2223 Mckenzie Passage Suite 031', 'Apt. 544'),
('Sarah', 'Rangel', 'justinarcher@yahoo.com', 'j065phOaw@', '178-526-8746x661', '953 Crawford Brooks Suite 165', 'Suite 903'),
('Lacey', 'Rose', 'williamskristi@herrera.com', '@86UTdtxs6', '966.532.1666x82062', '06922 Scott Mill Suite 177', 'Apt. 615'),
('Roy', 'Moreno', 'annjohnson@hotmail.com', 'M4@7ZDj4Iv', '(883)179-2455x094', '60490 Justin Road Apt. 011', 'Apt. 661'),
('Richard', 'Moore', 'mary19@donaldson-wells.info', '&8AafzEMbv', '4430773656', '3046 Kara Junctions', 'Suite 073'),
('Jessica', 'Estrada', 'starkbrian@gmail.com', '%mIrrJi+9_', '+1-066-200-3221x1505', '20418 Mikayla Unions Suite 419', 'Apt. 384'),
('Lisa', 'Ferrell', 'bradleybarbara@guzman.org', '_A1GkZFlGD', '397.837.2112x23523', '1000 Angela Mountains Suite 387', 'Apt. 625'),
('Matthew', 'Taylor', 'maldonadopenny@yahoo.com', '3y6K@AKi^$', '087-515-0970x22674', '67438 Estrada Forge', 'Apt. 933'),
('Ronald', 'Powell', 'sharonsnyder@williams.com', '7@8c3Ion(8', '105.745.9505x75803', '5812 Ashley Forest Suite 711', 'Suite 439'),
('Kimberly', 'Walker', 'michael94@white-rivera.com', '&08oDwf)P@', '151.805.2291', '997 Justin Ridges Apt. 736', 'Suite 521'),
('Travis', 'Thompson', 'livingstonjuan@kelley.net', '+FBxQfl@)9', '001-940-263-9244', '76669 Harris Shoals', 'Suite 783'),
('Nicole', 'Anderson', 'thompsonchad@hotmail.com', '%rT79ELVA+', '(930)049-6568x0793', '9096 Paul Expressway Apt. 804', 'Suite 436'),
('Jessica', 'Poole', 'cbutler@medina-johnson.net', '(6hL1TxdpV', '(586)520-6601x36074', '7745 Perkins Green Suite 039', 'Suite 304'),
('Stephen', 'Ware', 'williamstein@floyd.org', '+!7aRxDONI', '498-120-4678x406', '042 Velez Extensions', 'Suite 897'),
('Miranda', 'Collins', 'calhountimothy@burton.info', '_xrTadK57y', '601.389.5105x5835', '654 Perez Oval', 'Apt. 414'),
('Janice', 'Peterson', 'george91@williams-lambert.com', 'BA%01(Lyq4', '+1-691-617-7634x3207', '511 Hansen Ranch', 'Suite 949'),
('David', 'Barnes', 'audrey82@russell.com', '@1xQd@t3uf', '175-882-8039x36224', '1542 Estrada Corners Suite 426', 'Apt. 927'),
('Jamie', 'Serrano', 'zachary75@hotmail.com', 'xl2Iwnaa(w', '010.413.3125', '29933 Brian Run', 'Suite 885'),
('Scott', 'Johnson', 'collinsandrea@yahoo.com', '*8FfQRElU_', '219-332-0789', '557 Case Falls Suite 961', 'Suite 371'),
('Tonya', 'Jones', 'kpetty@yahoo.com', 'm*$9M#nx1z', '(594)785-0945', '5952 White Harbor', 'Apt. 814'),
('Jacob', 'Duran', 'charlotte06@reed-estrada.com', 'I#V7EB7j2p', '001-197-845-6899x147', '2734 Jones Course Apt. 799', 'Apt. 847'),
('Susan', 'Chase', 'trevor01@buck.com', 'qc4P7Tx7%O', '830-502-6763x09295', '658 Vasquez Summit', 'Suite 068'),
('Jermaine', 'Smith', 'mcneiljohn@gmail.com', '_5IWEr(uEU', '906.948.9642x01807', '566 Trujillo Estate', 'Suite 892'),
('Christine', 'Perry', 'jsmith@hotmail.com', 'WyB&9WiSSS', '2671063202', '949 Thompson Crossing', 'Apt. 754'),
('Andrew', 'Burton', 'jamiejones@gmail.com', '_8XZFApDIQ', '450-625-2557x7825', '03808 Roberts Stream Apt. 013', 'Apt. 728'),
('Kurt', 'Schmitt', 'jennifer71@brock.com', '@aY1tfg(Q9', '509.084.9619x7268', '455 Morse Valley', 'Suite 613'),
('George', 'Ayers', 'judy50@yahoo.com', '#vL$NU6e39', '+1-948-521-7598x4651', '535 Lisa Squares Suite 921', 'Apt. 110'),
('David', 'Mahoney', 'kingcolleen@lee.com', 'TIz0sDjh$4', '887-844-4636x60815', '48839 Shaw Ferry', 'Apt. 303'),
('Scott', 'Alvarado', 'dmason@yahoo.com', 'Nl2qXBVj@D', '(376)785-4971', '709 Ruiz Pass Suite 277', 'Suite 826'),
('Justin', 'Hall', 'jmartin@dunlap.com', '+U8&ZJrXyy', '806.085.6137x73242', '56699 Shawn Island Apt. 941', 'Apt. 903'),
('Nicole', 'Romero', 'pmartinez@madden-henry.net', '_1RH#l%fs7', '563-100-1942x122', '226 Audrey Prairie', 'Suite 690'),
('April', 'Saunders', 'lewisnicholas@yahoo.com', '@nnjtPeOT5', '877.850.0222x8211', '650 Fletcher Terrace Apt. 803', 'Apt. 080'),
('Robin', 'Sims', 'coxdennis@ayala-ibarra.com', '3a@7pGGSu^', '+1-882-965-7812x5017', '5207 Kim Roads', 'Suite 009'),
('Juan', 'Jennings', 'edward28@nguyen.com', '7vstIJ*E!n', '189.615.8509x06645', '1449 Jones Centers', 'Suite 120'),
('Eric', 'Strickland', 'taylorrebecca@hotmail.com', 'y93SZn)A)9', '409.173.0503x698', '48061 Jack Shoals Suite 521', 'Suite 589'),
('Amy', 'Stevens', 'sarasharp@gmail.com', 'P^nQ5^!hKK', '001-567-870-3546x0859', '8652 Molly Plaza Suite 409', 'Apt. 037'),
('Jeffrey', 'Williams', 'cchandler@snyder-johnson.org', 'O(4sSKh^3(', '(686)328-8315x8884', '892 Brittany Trail', 'Apt. 812'),
('Justin', 'Mclean', 'elizabeth97@smith.com', '5)hYaJAm^A', '1360817041', '237 Cooper River Apt. 521', 'Suite 658'),
('Timothy', 'Young', 'igolden@gmail.com', 'LO6B3Zmx@i', '897.840.5507x661', '041 Julie Rest Suite 751', 'Apt. 751'),
('Kathleen', 'Petersen', 'butlersandra@ward.org', '6m8niT8jQ^', '001-115-231-1060x25052', '605 Spencer Trace Apt. 790', 'Apt. 592'),
('Joshua', 'Thompson', 'zgarcia@fowler.biz', '#0DRVXeX4d', '621-039-4947', '769 Kennedy Ferry', 'Apt. 461'),
('Paul', 'Schwartz', 'sandraperry@lawrence.com', '%#KP5sxqqE', '441-672-0971', '3364 Shelton Ridges Suite 373', 'Apt. 506'),
('Elizabeth', 'Baker', 'sanchezapril@butler.com', ')hAeMxd0d8', '+1-269-662-0123x590', '9694 Ruiz Stream', 'Suite 872'),
('Robert', 'Archer', 'yolandamcgee@yahoo.com', ')WS7ObYwBE', '+1-167-933-0885', '3447 Dylan Turnpike', 'Suite 653'),
('Melissa', 'Nichols', 'nhernandez@ellison.info', 'Cy6m5jWzO@', '+1-819-974-9403x671', '92127 Pena Rest', 'Suite 743'),
('Richard', 'Goodman', 'robertfaulkner@gmail.com', '_u40I(FCf4', '700.398.4076', '860 Smith Junctions Apt. 134', 'Apt. 970'),
('Michael', 'Trevino', 'henrylisa@anderson-orr.com', 'vN08U8Af!a', '(890)354-2994', '3322 Cassandra Junction Apt. 591', 'Suite 196'),
('Matthew', 'Bryant', 'lisa36@yahoo.com', 'xH!0aPa#8W', '(039)849-9666', '1355 Hernandez Plain', 'Apt. 103'),
('Wendy', 'Kidd', 'belinda76@singh.org', ')TwYN5gxz9', '779-793-1731x735', '1299 Tanya Underpass', 'Suite 745'),
('Donna', 'Miller', 'jeffery96@lyons.org', 'NAJ56Eqc*n', '(254)962-9053x1638', '0739 Rodriguez Alley', 'Apt. 582'),
('Shelby', 'Dixon', 'justinpierce@gmail.com', '!8Trx^vLyf', '585.679.9670x1464', '8806 Wells Valleys', 'Apt. 979'),
('Dillon', 'Morgan', 'shellycarroll@gmail.com', '(rSIX1in3F', '599.822.6169', '360 Steele Mountain Apt. 267', 'Suite 684'),
('Gerald', 'Hill', 'sburke@gmail.com', '@X_*HCy*5H', '+1-280-740-6848x6853', '85026 Robert Forest Suite 149', 'Apt. 352'),
('Joshua', 'Caldwell', 'hernandezashley@gmail.com', '+Zs7RUvQ6X', '(390)532-5570', '411 Brandon Mountain Apt. 213', 'Suite 199'),
('Sarah', 'Willis', 'kristin11@craig.org', 'Z&+8%JHbE)', '+1-100-915-6002', '0849 Reyes Stravenue Suite 637', 'Apt. 734'),
('Ryan', 'Trevino', 'lchapman@davis-long.info', 'Zv6BjRTw4$', '+1-781-403-0390x4803', '25600 Haley Port Suite 845', 'Apt. 330'),
('Terri', 'Alvarado', 'lisa28@gmail.com', '5E9OZym&0$', '001-374-445-5669x3887', '065 Thomas Green', 'Suite 768'),
('Antonio', 'Jones', 'brandonadams@yahoo.com', 'L9W5Fx92%6', '866-041-9837x68981', '2243 Meyers Branch', 'Apt. 838'),
('Cameron', 'Davis', 'michaelstanley@weaver-watts.com', '^@!2WAUk3n', '(435)446-1049x21152', '291 Jean Springs Suite 280', 'Apt. 747'),
('Adam', 'Ortiz', 'underwoodchristine@hotmail.com', 'I4ZJJaZj!w', '(872)181-8473', '717 Annette Creek Apt. 348', 'Apt. 152'),
('Stacey', 'Rodriguez', 'alanhester@yahoo.com', 'TM3wv0Qr9#', '345-809-6626x04361', '9233 Cooper Harbors', 'Suite 611'),
('Christopher', 'Anderson', 'tonya12@gutierrez-spears.com', 'baQ%A6$i+2', '148.556.0656', '497 Cole Ports Apt. 827', 'Suite 161'),
('Connor', 'Haynes', 'davenportchristopher@gmail.com', '^2SwFc9!!6', '503.673.6733x75365', '2913 Leah Throughway Suite 149', 'Suite 691'),
('Jennifer', 'Wilkinson', 'fosterkeith@khan.info', '9D5Ukpk3v@', '(977)980-5866', '8825 Richardson Rest', 'Suite 951'),
('Jon', 'Dunn', 'christopherroberts@blankenship.com', 'j$)9Krqra6', '001-652-133-6443x479', '930 Morales Brooks', 'Apt. 207'),
('Victoria', 'Reyes', 'robert13@caldwell.org', 'sfR7B1oM_0', '2970521854', '353 John Spring', 'Suite 794'),
('Ivan', 'Elliott', 'karen04@lewis.com', 'I_LF5xHm(0', '459.477.9820', '472 Michelle Rapids', 'Apt. 019'),
('Kimberly', 'Good', 'dwest@trevino.com', '_0HL+8lq(P', '253-739-6341x44512', '6702 Laura Mills Suite 457', 'Apt. 843'),
('Teresa', 'Cooper', 'hlee@yahoo.com', 'h+&r9UjgfH', '208-420-3785', '490 Hicks Park Apt. 759', 'Suite 792'),
('Curtis', 'Johnson', 'mgardner@montgomery.net', 'Mg3$*bE7!8', '815-541-8135x36853', '6113 Morgan Rest Suite 130', 'Suite 251'),
('Kyle', 'King', 'alyssa45@hill-gallegos.com', '+3dXVQGpRE', '359.254.5435x564', '153 Smith Union Apt. 936', 'Suite 619'),
('Nathan', 'Lewis', 'ryanwhite@gmail.com', 'QiUdcbFL*4', '+1-157-179-3932x012', '37390 Figueroa Cove', 'Suite 354'),
('Antonio', 'Figueroa', 'laurenbaker@hotmail.com', 'P*99YkBOk@', '5519170141', '325 Alexander Freeway Apt. 577', 'Apt. 586'),
('Mary', 'West', 'sweeneywilliam@yahoo.com', 'mg2kPpny(Q', '001-976-971-0544x4859', '9638 Samantha Circle', 'Apt. 484'),
('Amy', 'Logan', 'andres39@everett-baker.com', 'l$D48VOsP#', '501.146.1032', '251 Sandra Brook Apt. 984', 'Suite 066'),
('Kayla', 'Gross', 'barnettsteven@gmail.com', '_OVSz9PyZ5', '772-721-0460x05082', '48621 Garrett Vista Suite 627', 'Suite 595'),
('Sarah', 'Baker', 'thomaswinters@gmail.com', 'UmD36xFz@&', '576.654.1114x548', '8708 Harrison Lights Apt. 427', 'Apt. 090'),
('Adam', 'Yu', 'lewislucas@yahoo.com', 'V*1KD*#Fju', '270-226-1657x995', '850 Laura Harbor', 'Apt. 421'),
('Robert', 'Carter', 'kevin87@hotmail.com', '%s(^3J%lKJ', '260.101.2876x0334', '2472 Jeff Radial', 'Suite 136'),
('Garrett', 'Gillespie', 'jessicavaldez@gmail.com', 'Si421VqI_O', '001-989-503-7219x36299', '4900 Crosby Forges Apt. 828', 'Apt. 022'),
('David', 'Johnson', 'kimberly94@hotmail.com', 'tR%0NZnq@y', '+1-704-926-8642x48263', '600 Chavez Freeway', 'Suite 786'),
('David', 'Madden', 'marcsims@brown.com', 'M778JZIo@V', '+1-669-008-0033', '40981 Emily Plain Apt. 456', 'Suite 671'),
('Sarah', 'Benjamin', 'madisonschwartz@hotmail.com', 'z2RdAudf(A', '6156569461', '970 Desiree Lakes Apt. 494', 'Suite 167'),
('Kimberly', 'Aguilar', 'rmclaughlin@gmail.com', '#Tx4Ql^SF^', '652.170.0685x5441', '516 Courtney Stravenue', 'Apt. 306'),
('Darius', 'Parker', 'amber72@gmail.com', 'ld7TMjkr6&', '095-428-0829', '40144 Eric Place Apt. 548', 'Suite 720'),
('Marcia', 'Stone', 'sarahthompson@cline.org', 'iGL+0YiXYL', '+1-944-202-1836', '09859 Ward Passage', 'Suite 231'),
('Shari', 'Ramirez', 'nashley@hotmail.com', '%o2Sc#h9r1', '(369)534-1793x48821', '185 James Keys Apt. 225', 'Suite 216'),
('John', 'Sanchez', 'ericbaldwin@hotmail.com', '7OxC6$XV^o', '051.944.3405x228', '260 Jenkins Estates Suite 816', 'Apt. 901'),
('Stephanie', 'Pratt', 'harrisbrian@cook-williams.com', '+2(0O5naD1', '907.467.4701x72260', '9180 Huang Court Apt. 738', 'Suite 588'),
('Carl', 'Bradley', 'kellyrivera@harris-green.biz', 'a)UwE^iJ*6', '(253)213-8087x89765', '910 William Mews', 'Apt. 080'),
('Allison', 'Sanchez', 'coopermichelle@hotmail.com', 'r_48rY8rlG', '262.615.2018', '927 Andrew Mission Apt. 917', 'Apt. 280'),
('Shawn', 'Williams', 'michellecain@gmail.com', '!0Q71qTyEm', '247.782.2486x0859', '959 Mays Plain', 'Suite 225'),
('Shannon', 'Smith', 'hillmichael@murphy.com', '^&15J_izIH', '901.473.3459', '16095 Nichols Way', 'Suite 911'),
('Daniel', 'Garner', 'patrick40@hotmail.com', 'w$J6J#DnA*', '536-220-2607', '26027 Hicks Crossing Suite 728', 'Apt. 377'),
('Christian', 'Brooks', 'fhenson@yahoo.com', '4pBnlfB_&0', '019.236.0965', '47143 Reginald Mount Suite 114', 'Suite 603'),
('Brittney', 'King', 'sstafford@torres-johnson.net', 'z8&SvHQA_%', '001-347-289-6556', '869 David Summit Suite 659', 'Apt. 226'),
('Brenda', 'Carlson', 'vwilson@yahoo.com', 'L*5FxRE3vv', '001-315-700-8090x39657', '24985 Johns Roads Suite 651', 'Apt. 171'),
('Peggy', 'Smith', 'lisapeters@yahoo.com', '!!M44(Cp3h', '531.494.4861x23774', '08277 Martinez Tunnel Suite 667', 'Apt. 290'),
('Gregory', 'Houston', 'davidmitchell@berry.com', 'A!Q5F*@cb+', '418-285-7613', '492 Amber Isle', 'Suite 994'),
('Vincent', 'Peters', 'briannamack@anderson-carr.org', ')1BsDD)uW3', '(294)151-6004x74700', '6628 Mosley Springs', 'Suite 998'),
('Hannah', 'Hull', 'david34@yahoo.com', 'xk1XFN7y$2', '(819)879-6149', '9677 Sawyer Forges Suite 209', 'Apt. 560'),
('Austin', 'Stevenson', 'donna54@hotmail.com', '^2#P(rF_Ra', '(081)543-7110x9697', '1703 Paul Brook', 'Apt. 708'),
('Jane', 'James', 'sullivannicholas@bradshaw-harvey.com', 'g*^1YUzjRU', '3059823615', '35776 Stuart Views', 'Suite 635'),
('Juan', 'Horton', 'rebecca19@webb.com', 'pJw8q#f8C(', '437-717-9176x734', '456 Johnson Turnpike', 'Apt. 727'),
('Dawn', 'Taylor', 'donaldjordan@gmail.com', '(Xb)rhpy&5', '852-076-0194x87752', '325 Grant Landing', 'Suite 235'),
('Linda', 'Holloway', 'jvang@haas.com', '&V^C_1Sk^5', '+1-858-485-4999x21271', '669 Julie Park', 'Apt. 636'),
('Michael', 'Pope', 'thompsonjustin@yahoo.com', '&#0D7CmtA#', '773.984.7284', '335 Wells Stravenue Suite 675', 'Suite 966'),
('Jeffrey', 'Meyers', 'fmoody@hotmail.com', '7)9TGhr8q5', '138.253.9192x61471', '12324 Matthews Fork Suite 237', 'Apt. 181'),
('Nicole', 'Forbes', 'dustinfoster@yahoo.com', '%8UN7^d*Uu', '+1-958-722-4983x40010', '6025 Barbara Landing', 'Suite 734'),
('Mark', 'Hayes', 'dana34@payne.net', 'XigFFi9W_9', '349-324-5340', '94942 Peter Falls', 'Apt. 116'),
('Rebekah', 'Baker', 'victoriabush@smith-moore.com', 'KX#UQ!xY(9', '804-997-3537', '096 Collins Summit Suite 364', 'Apt. 002'),
('Dylan', 'Cox', 'sara70@hotmail.com', '&6B+mNvRd)', '3079069045', '938 Jose Mountains Suite 168', 'Suite 709'),
('Ashley', 'Green', 'daniel65@hotmail.com', '^zC&pMxT^4', '001-079-375-0430', '03298 Scott Place Suite 897', 'Apt. 158'),
('Daniel', 'Bender', 'joseph65@roberts.com', '+6zIrqPb^C', '+1-555-553-0126x77608', '4602 Perez Views', 'Apt. 269'),
('Kelly', 'Martinez', 'jonathan01@hotmail.com', '+9zp_BLl)q', '955-605-4383x518', '16245 Elizabeth Knoll', 'Apt. 484'),
('Robert', 'Caldwell', 'mendozapatrick@hotmail.com', '+nixr8Ud&M', '948-618-7818x625', '056 Mitchell Cliff Apt. 692', 'Apt. 865'),
('Joseph', 'Novak', 'fosterlarry@yahoo.com', '@Fb2K$PhG$', '160-164-4794x5754', '5276 Victoria Streets', 'Apt. 492'),
('Richard', 'Liu', 'amanda11@hotmail.com', '23EYQ5rd&D', '258.548.5725', '011 Torres Fords', 'Suite 033'),
('Haley', 'Spencer', 'zmercado@yahoo.com', '@Et8ZI2tLq', '1316956941', '278 Sullivan Plain', 'Apt. 562'),
('Brittany', 'Lucas', 'emitchell@rojas.com', 'Q8wZwAu(_X', '+1-416-762-3118x53891', '7663 Dennis Road Apt. 236', 'Suite 899'),
('Carrie', 'Pierce', 'tiffanythompson@hotmail.com', 'Y3YEBJ@f+H', '825-379-2130x643', '76709 Michele Rapids', 'Suite 516'),
('Christopher', 'Maxwell', 'robinsonalan@hooper.com', 'Zg_k2Af^9#', '(880)867-6090', '55009 Jessica Trafficway', 'Apt. 759'),
('Cory', 'Mckay', 'alove@campos.com', 'c+Yn0Hog^q', '001-426-734-5034', '4482 Louis Valleys', 'Apt. 335'),
('Travis', 'Hines', 'jennifer59@holland-miller.com', 'Q!59JMgsz)', '136-760-7815', '7802 James Causeway', 'Apt. 280'),
('Alicia', 'Cortez', 'hessleah@rivas.com', '#a%2Rjc$h8', '673.073.7451x638', '8828 Timothy Mountain Apt. 304', 'Suite 536'),
('Jessica', 'Davis', 'gonzalezjennifer@alvarado.com', 'l%4_EZnH+u', '028-203-1804', '54315 Jessica Drives', 'Apt. 525'),
('Kimberly', 'Rosales', 'nlee@phillips.com', '3b5u(JDi^y', '537-704-3720', '0341 Laura Track Apt. 290', 'Apt. 827'),
('Emily', 'Gutierrez', 'benjamin50@hotmail.com', '(7A&w+U*nI', '892.931.0698x097', '1445 Martinez Course Suite 487', 'Apt. 132'),
('Amanda', 'Smith', 'ochandler@yahoo.com', '@Mh%6NGb*c', '597.931.0800', '276 Scott Street Apt. 523', 'Apt. 918'),
('Anthony', 'Cruz', 'estrong@gmail.com', '6GOcTNaj%6', '+1-260-000-8756', '6938 Mills Rapid Apt. 395', 'Apt. 085'),
('Kevin', 'Garcia', 'twebster@gmail.com', '%fJ6uR7to9', '617-601-7634x0009', '4025 Patricia Court Suite 322', 'Apt. 934'),
('Bethany', 'Wilson', 'ryan66@hotmail.com', 'lL0%WqsjU+', '+1-003-004-4249x1752', '423 Fuller Lane', 'Suite 127'),
('Matthew', 'Benson', 'jacksondanielle@gmail.com', 'i^4Q+FbmaZ', '281-283-3259', '3491 Lisa Plains', 'Suite 071'),
('Sharon', 'Wolfe', 'mistyharmon@hotmail.com', 'cKN7F#Vn#l', '001-625-387-1517', '37342 Johnson Square', 'Apt. 768'),
('Sarah', 'Williams', 'akennedy@alexander-cervantes.com', 'J&3#*Gcpb0', '438.701.0022x89119', '87142 Gonzales Place Apt. 854', 'Suite 775'),
('Jason', 'Gilbert', 'pclarke@lewis.info', '%i7HiKna@3', '(804)834-6823x0014', '33944 Perry Roads', 'Apt. 961'),
('Maria', 'Olson', 'markhaynes@sanford-pena.biz', '(GGkx8m)9X', '(067)209-0484x9111', '0607 Reese Loop Apt. 010', 'Apt. 284'),
('Derek', 'Murray', 'jhughes@yahoo.com', 'c4aUxFs3%y', '+1-113-875-3332', '058 Phillip Plains', 'Suite 253'),
('Brooke', 'Miller', 'asmith@hotmail.com', '+(2TO0zsDG', '372.394.8299x291', '5378 Jackson Wells Suite 378', 'Suite 491'),
('Aaron', 'Bryant', 'oanderson@gmail.com', 'dE30Tt8iR^', '851-138-8570x19003', '8711 Hall Ranch Suite 197', 'Suite 825'),
('Daniel', 'Clark', 'xvalenzuela@yahoo.com', '%3CR@SGtS#', '541-543-0107x882', '34177 Prince Summit Suite 510', 'Apt. 041'),
('Christine', 'Green', 'brittany13@ali-burch.org', 'pU1WvaC1J)', '680.714.3108x641', '1989 Garrett Extension', 'Apt. 615'),
('Johnny', 'Larsen', 'hayesandrea@yahoo.com', 'B6HVGebn^N', '0526492650', '7056 Lisa Meadows Suite 560', 'Suite 726'),
('Matthew', 'Duran', 'kerrangela@adams-white.com', '%#z0BabyGQ', '(064)418-9224x6592', '288 Patton Viaduct', 'Apt. 689'),
('Crystal', 'Perez', 'aaron53@parker-davis.com', '4aBDEwBG&p', '(972)575-1620', '601 Laura Track Apt. 292', 'Apt. 189'),
('Lindsey', 'Moreno', 'alvarezgeorge@hooper.com', '%2c8EDgHGe', '001-252-947-6390', '90096 Vargas Isle Suite 129', 'Suite 813'),
('Elizabeth', 'Horton', 'josephodonnell@hotmail.com', 'BBk7YpNZ(E', '486-176-9911x181', '0835 Goodwin Knoll', 'Suite 185'),
('Bethany', 'Sullivan', 'dwise@gmail.com', '@Obt4@IrR^', '001-298-870-1847', '63072 Howard Mews', 'Apt. 400'),
('Steve', 'Jordan', 'mariah21@smith-weaver.com', '%1ZwACTbdr', '615.966.4411', '198 Hannah Fords', 'Apt. 320'),
('Stacy', 'Hicks', 'raymondpeterson@hotmail.com', 'JokzBc!z*2', '780-786-3331', '13694 Jonathan Mountains Suite 122', 'Suite 215'),
('Jason', 'Ford', 'glopez@gmail.com', '4)*R1VfnJk', '(171)312-5959x625', '3377 Tracy Stravenue Apt. 615', 'Suite 395'),
('Jeffrey', 'Blackwell', 'xmills@liu.com', '_EFcLLEKS4', '851-351-0570', '86452 Barr Village Apt. 646', 'Suite 776'),
('Miguel', 'Colon', 'robinsonbrent@moore-martinez.com', 'yIyWbSGn_6', '(055)328-4789', '5564 David Ports', 'Apt. 239'),
('Jennifer', 'Smith', 'weissrebecca@hotmail.com', 'jrxV79EZg^', '001-917-401-5837x12977', '22048 Warren Rue', 'Apt. 481'),
('Christopher', 'Kim', 'usmith@rivas.com', '_uXS1LCdrY', '+1-403-370-3855', '0380 Patricia Village', 'Suite 054'),
('Michael', 'Reese', 'jamesmontgomery@day-wood.com', '2&Kkf2Mov1', '+1-726-621-8850x6263', '04757 White Streets', 'Suite 128'),
('Nicholas', 'Sims', 'hilltimothy@harris.com', 'i#2Ra7xNaN', '(405)085-4447', '008 Samuel Union Apt. 450', 'Suite 825'),
('Michael', 'Taylor', 'vburch@gmail.com', ')OngM7Zb0s', '+1-715-064-6933x3515', '9285 Jeffrey Hollow Apt. 607', 'Suite 314'),
('Thomas', 'Smith', 'peter63@hotmail.com', 'sk59l0Ao@i', '373-340-9533', '561 Bobby Overpass Suite 516', 'Apt. 334'),
('Brian', 'Mcmillan', 'ryanwilson@yahoo.com', 'J()6rYqQci', '(731)159-4791x9456', '1818 James Rue Suite 172', 'Suite 790'),
('James', 'Valenzuela', 'bdavis@yahoo.com', 'pi0V%ihv!#', '685-997-7059x70646', '975 Munoz Trafficway Suite 474', 'Suite 936'),
('Devin', 'Calderon', 'joshua48@gmail.com', 'SHB)8pDn#J', '(277)657-9786', '935 Heather Mall Apt. 936', 'Apt. 607'),
('Catherine', 'Gibson', 'popechristopher@yahoo.com', '8%Z4UTxz(t', '+1-674-599-3594x2631', '127 Potts Pines Suite 871', 'Apt. 090'),
('Nancy', 'Franklin', 'ecooley@gmail.com', 'Ig!7jKhh#^', '001-512-669-5410', '630 Marquez View Suite 359', 'Apt. 817'),
('Matthew', 'Jennings', 'maureenmelendez@gmail.com', 'X3XYr!S9%U', '+1-807-632-4288x5854', '121 Martinez Drives', 'Apt. 249'),
('John', 'Silva', 'robert28@gmail.com', '9sC03Ao*_+', '001-745-030-2154', '28447 Jocelyn Highway', 'Suite 030'),
('Krystal', 'Barnes', 'latasha12@hotmail.com', '^%g4TWPgJb', '(374)170-2683x5931', '008 Robert Roads Apt. 787', 'Apt. 731'),
('Nathan', 'Butler', 'warrendavid@hotmail.com', 'nXY3##Vq(T', '(154)630-9681', '278 James Viaduct', 'Suite 743'),
('Anthony', 'Cummings', 'yswanson@cox-houston.com', 'IU9TP^oeo&', '3493245507', '13188 Savage Underpass', 'Apt. 763'),
('Denise', 'Suarez', 'tperez@may.net', '$N49VECj)i', '001-784-818-4279x0450', '06191 Anderson Island', 'Suite 311'),
('Julie', 'Lee', 'dannyjackson@montoya.org', '1%@4DxKwmI', '001-098-794-0165', '6648 Martinez Unions Suite 941', 'Suite 503'),
('Nicole', 'Benitez', 'lindajoyce@perkins.net', 'x#8QpxHb9*', '+1-992-567-1456x6879', '48699 Weeks Corners', 'Apt. 252'),
('James', 'Williams', 'xyoung@hotmail.com', 'VMow9RgK*B', '692-044-5860x15988', '74134 Daniel Prairie Suite 694', 'Suite 746'),
('Erin', 'Brooks', 'austin45@jackson.net', '^mShU*WGJ8', '105-519-3007', '47740 Debra Estates', 'Apt. 944'),
('Crystal', 'Edwards', 'alexandra21@yahoo.com', 'bQ60Il50k*', '+1-954-090-8917x3816', '247 Yates Lodge Suite 647', 'Suite 257'),
('Melanie', 'Tran', 'craigrhonda@hotmail.com', 'd1AmS)ws!!', '+1-903-024-2978x46309', '70429 Wise Mountain Apt. 573', 'Apt. 319'),
('Frank', 'Baker', 'sarahbrown@ayala-williams.com', 'VIi8q7yq))', '7779007609', '51629 Jennifer Ferry Suite 178', 'Apt. 246'),
('Carlos', 'Taylor', 'sreyes@flowers.com', 'KDVmXLPn(8', '158-837-2105', '87337 Wells Terrace Apt. 399', 'Apt. 513'),
('Kristen', 'Cole', 'avilasteven@contreras-roberts.com', '+h3JEjgk^#', '664-348-1117', '783 Grant Heights Suite 535', 'Apt. 122'),
('Michael', 'Barnes', 'christophermorris@gmail.com', 'V!99LdAbS^', '(584)446-8038x26054', '789 Krueger Ridges Suite 744', 'Suite 146'),
('Robert', 'Wilson', 'kmckee@mccormick-stewart.com', 'R!i8^jKp)k', '001-602-596-1571x3156', '122 Mckenzie Dale Suite 346', 'Apt. 965'),
('Sean', 'Fleming', 'norrisgloria@hotmail.com', 'G*M0Fbw60*', '001-500-746-9065', '128 Moore Ramp Apt. 707', 'Suite 785'),
('Jeremy', 'Brooks', 'jkennedy@perry.org', '^imuGZeJf4', '3144224156', '634 Kathy Gateway Apt. 321', 'Suite 962'),
('Vincent', 'Griffith', 'rodneysutton@gmail.com', 'v2#)5NXhDY', '812-035-9016x875', '13167 Janet Club', 'Suite 549'),
('Bradley', 'Lee', 'deanna94@baker.com', 'l+00Oa)H@z', '(192)064-9132', '48073 Welch Plaza', 'Apt. 631'),
('Louis', 'Wallace', 'fishersteven@gmail.com', '^0ziqCBr^P', '(325)595-1876x38113', '5175 Lopez Roads', 'Suite 323'),
('Jamie', 'Long', 'cgarner@yahoo.com', 'p8$1AzkqAZ', '282.219.8271', '829 Reyes Flats Suite 112', 'Apt. 639'),
('Michael', 'Weaver', 'nancy44@lewis.org', 'x63wVdl6H!', '415.948.4203x453', '046 Douglas Plain Suite 002', 'Apt. 982'),
('Bradley', 'Ryan', 'justin74@barton-becker.com', 'A#_z3NIhch', '(622)619-2486x222', '34984 Donald Estates', 'Apt. 353'),
('Jose', 'Avila', 'christopher57@luna.net', 'l6LMgjNO#B', '013.122.9268', '1232 Lynch Cove Suite 455', 'Apt. 117'),
('Larry', 'Ford', 'bowmanjonathan@rodriguez-grant.net', 'e2I6F_he#m', '1241620582', '450 Velez Field', 'Suite 029'),
('Sonya', 'Mccullough', 'mccarthymatthew@fitzgerald.com', ')#29p5Za@+', '+1-403-138-3944x3052', '05005 Sandra Meadow Suite 111', 'Apt. 582'),
('Benjamin', 'Lewis', 'zsnyder@brown.com', 'q_0e45Op&Z', '188.310.3857x52300', '18860 Scott Junctions Suite 121', 'Apt. 250'),
('Heather', 'Walter', 'brianblair@henderson.com', '&lUOpVydM3', '845-809-3374x81028', '154 Chad Tunnel Suite 964', 'Suite 691'),
('Lori', 'Fox', 'clarksandra@fisher.com', '4N8TG^+s!$', '634.985.6600', '40485 Moore Vista', 'Apt. 241'),
('Courtney', 'Ramirez', 'danderson@hotmail.com', '^(7#bDam0G', '(038)309-0712', '423 Pham Knoll', 'Apt. 062'),
('Anthony', 'Hawkins', 'balljennifer@nichols.com', '(9_tVO1tmB', '(058)126-5039x889', '979 Rios Plaza', 'Apt. 567'),
('Amy', 'Long', 'richardtrujillo@cole.com', '*5lDFjxk+0', '209-731-2628x222', '0383 Jennifer Course Suite 222', 'Apt. 125'),
('Adriana', 'Ochoa', 'lritter@king-patrick.com', '!MqXX3^i)2', '431-080-9785', '03009 Mitchell Route', 'Suite 899'),
('Robert', 'Patterson', 'jennabrooks@gilbert.com', '1zz!uTEO&e', '+1-985-235-6484x35466', '6965 Horn Cape Apt. 444', 'Suite 611'),
('Denise', 'Wolf', 'ntaylor@daniel.com', '93Hn+G9j_V', '+1-863-540-2264', '695 Javier Club Apt. 934', 'Suite 667'),
('Wyatt', 'Miller', 'richardmcfarland@schmidt-maxwell.org', ')W*6PlCja6', '001-864-327-4823', '2172 Bethany Street Apt. 822', 'Apt. 530'),
('Charles', 'Boyd', 'michaelmolina@hotmail.com', '0&5Ka!m34z', '7117795654', '20177 Jennifer Prairie', 'Apt. 875'),
('Jamie', 'Davis', 'kevin93@yahoo.com', 'q(6ZaSym@I', '(873)289-5679', '53917 Richard Forks Apt. 520', 'Suite 810'),
('Kenneth', 'Cox', 'brandondavies@ward.com', '(a0K@LLu)a', '(168)372-4834', '5626 Kerr Mall', 'Suite 575'),
('Angela', 'Hayes', 'wellslindsey@burns.info', '5#yC9Zlujj', '770.963.5803x8032', '159 Liu Courts', 'Apt. 493'),
('Brenda', 'Vargas', 'ronald75@chapman.biz', 'Z&7$C(z%FT', '788-144-9639x156', '593 Carroll Hills', 'Suite 705'),
('Stephanie', 'Shea', 'james92@kennedy.info', ')N71XgUI3#', '001-887-069-9540x0171', '8456 Robinson Rapid Apt. 556', 'Apt. 605'),
('Tracey', 'Nguyen', 'mmeyer@gmail.com', 'F69W03Nk!^', '1176697605', '3413 Reyes Alley Suite 409', 'Suite 897'),
('Craig', 'Rivers', 'wolfcarol@jackson.com', 'C++MZ1GmGr', '497-946-2636x2581', '85389 Stewart Bypass Apt. 806', 'Suite 018'),
('Raymond', 'Mccarthy', 'taylordyer@turner.com', ')jOif!ls4g', '960.105.7761x2266', '1107 Daniel Track', 'Suite 389'),
('Ryan', 'Buck', 'porterjoseph@hotmail.com', '^3AXYQwolm', '899.595.2389', '23540 Frank Junction', 'Suite 876'),
('Scott', 'Johnson', 'acharles@gmail.com', 'q1$g5fIaV^', '+1-932-107-3463x6019', '96756 Nicholas Gardens Suite 006', 'Apt. 225'),
('Jasmine', 'Hanson', 'peterrandall@gmail.com', '7d7qMWb8m+', '001-767-620-2291x3138', '8587 Day Greens Apt. 050', 'Suite 488'),
('Joshua', 'Rivera', 'ramseyjenny@gmail.com', '*33NVSm!*2', '(012)593-4981', '1931 Cruz Walks', 'Suite 735'),
('John', 'Perez', 'ysantos@cummings-cook.net', '*8QT5mZaWD', '145-593-0646x246', '756 Collins Heights', 'Apt. 542'),
('Garrett', 'Harris', 'mhayes@gmail.com', 'R+0$@Zi472', '983-024-5790x897', '714 Mark Island', 'Suite 506'),
('Timothy', 'Faulkner', 'fgarcia@gmail.com', '+h7$BT@po_', '+1-360-126-8616x131', '8127 Davis Parkway', 'Apt. 373'),
('Michael', 'Ballard', 'amberrivers@brown.com', 'k#0PcZE2#k', '6469361479', '9641 Aguilar Keys Apt. 516', 'Apt. 793'),
('Sabrina', 'Roberts', 'curtis47@fields.com', '^NSN*A(Zo9', '(866)764-7556x1771', '3344 Anna Locks Apt. 077', 'Apt. 394'),
('Erin', 'Harris', 'solson@gmail.com', '$7L7Tf$iXU', '+1-172-583-2477', '493 Harris Overpass Apt. 645', 'Suite 196'),
('Justin', 'Hernandez', 'lutzcaleb@yahoo.com', '*^t4I#tp&F', '(050)640-9735', '6859 Dunlap Orchard Suite 870', 'Apt. 434'),
('Chelsea', 'Johnson', 'davislouis@gmail.com', 'A@4l2H^c#L', '(631)162-4431', '5138 John Mall Apt. 781', 'Suite 041'),
('Bradley', 'Hernandez', 'sjackson@wolfe.com', 'rT6@5P^r#K', '(505)323-5119', '15349 Lisa Canyon Suite 214', 'Suite 679'),
('Jessica', 'Gibson', 'uwhite@mitchell.info', 'h7KX^a$7+g', '919-752-9177x2568', '33655 Cameron Cliffs Suite 855', 'Apt. 595'),
('David', 'Franklin', 'mitchellshannon@kirk.com', '@8M79D*n+b', '843-946-1370', '9147 David Circles Apt. 958', 'Apt. 659'),
('Victoria', 'Taylor', 'ssmith@gmail.com', '^2AC(Os+)7', '723.969.5868x936', '801 Santos Ford Apt. 204', 'Suite 594'),
('Debbie', 'Gutierrez', 'karahenderson@yahoo.com', 'oicRgXdA(4', '605-115-3687x3729', '237 Jason Stream', 'Apt. 274'),
('Erin', 'Deleon', 'pinedajacob@jones-morrow.com', '#H5Ge5iLl3', '7544278646', '9828 Lewis Extension', 'Suite 220'),
('Brittney', 'Graham', 'butlerjeffery@young.com', 'J6gFEEnO)s', '9347466131', '6289 Destiny Trafficway', 'Apt. 636'),
('Carlos', 'Heath', 'walvarez@lopez.com', 'CWT9fcCn*9', '320-778-5392', '3516 Walker View', 'Suite 796'),
('Brianna', 'Allen', 'tinaglover@erickson.com', 'p2IiXls*+A', '(672)305-0727x6526', '2181 Cynthia Glens Suite 380', 'Suite 538'),
('Autumn', 'Bates', 'hernandeztina@gmail.com', '++8c(a&bFP', '788-320-1861x3028', '238 Vanessa River Apt. 543', 'Apt. 899'),
('Katherine', 'Kim', 'amyrodriguez@hotmail.com', '5Z4OolH$&n', '827.872.0258', '046 Maria Mission', 'Apt. 711'),
('Melissa', 'Rangel', 'amberhunter@welch.org', 'R+2OWG*ORy', '409-083-9322', '9174 Reid Shores', 'Apt. 713'),
('Jason', 'Sullivan', 'jasmineyang@coleman.com', '2zEE!oAn!6', '479.869.6627x2957', '1270 Diane Fields', 'Apt. 871'),
('Krystal', 'Gutierrez', 'dallen@gillespie.net', 'rOlEOIHe)4', '(925)369-2995x652', '1068 Bryant Freeway Suite 312', 'Suite 691'),
('Christina', 'Grant', 'jermaineskinner@patrick.com', '*V8Iv&eVD9', '(589)996-9999', '555 George Parkway Suite 100', 'Apt. 208'),
('Benjamin', 'Harris', 'thompsonkelli@yahoo.com', '*48IkZnk#c', '(873)924-8384', '24818 Jesse Mount Suite 721', 'Apt. 784'),
('Lisa', 'Davis', 'qgutierrez@hotmail.com', '3VV(2HGsm3', '+1-339-972-9655', '7264 Thompson Springs Suite 942', 'Suite 109'),
('George', 'Adams', 'andrewsdanielle@yahoo.com', '_1XtsnV3uk', '857.135.1846x50801', '300 Hernandez Plain', 'Suite 878'),
('William', 'Chapman', 'morgan75@gmail.com', '%IHW)KoX3O', '(044)431-4877', '0246 Christopher Island', 'Suite 121'),
('Patrick', 'Torres', 'rojasscott@vega-brown.com', 'dQc9v3VkH^', '+1-172-774-1964', '502 Shawn Junctions Apt. 363', 'Apt. 524'),
('Wyatt', 'Jackson', 'toddfisher@stephens.com', 'n^8O6AsOx^', '(716)106-2895x1908', '57064 Eric Stravenue Suite 384', 'Apt. 751'),
('David', 'Torres', 'hilljames@montgomery-campos.com', '6B&fp2Vu8C', '271-316-7862x891', '5502 Chavez River Apt. 859', 'Suite 913'),
('Elizabeth', 'Smith', 'vconner@bailey.com', ')Wzj6BOs^x', '001-274-635-3148x786', '12583 Brittany Camp', 'Apt. 950'),
('Megan', 'Bailey', 'laurenbrown@long-hill.com', '_+G4FJupm4', '001-113-972-1122x1348', '8681 Lisa Burgs', 'Suite 320'),
('Nicole', 'Torres', 'matthew93@porter.net', 'z9XGTQ%@#s', '1722847869', '105 Hernandez Throughway', 'Apt. 784'),
('Anthony', 'Lopez', 'rwheeler@gmail.com', 'amx8Z)d1*g', '9920200007', '33768 Allison Knolls Suite 693', 'Suite 477'),
('Daniel', 'Ward', 'brad70@owens-larson.com', 'ThPMW0uG)0', '006-794-2933x04096', '38640 Herring Spurs Apt. 797', 'Suite 354'),
('Robert', 'Parker', 'greenjessica@sullivan.com', '_n6kOBBgHw', '3309672700', '35719 Perry Drive', 'Apt. 885'),
('Kaitlyn', 'Ross', 'craigmelissa@hotmail.com', '4D2T0Ytj2@', '802-177-2717x04327', '012 Victoria Ferry', 'Suite 065'),
('Lisa', 'Taylor', 'michaelrios@smith-murillo.com', '$e7OA)%%R8', '(941)025-8623', '1569 Beck Haven Suite 848', 'Suite 703'),
('Desiree', 'Pierce', 'dustinaguirre@myers.com', 'g@0wRjL_ug', '+1-813-628-7299', '749 Jennifer Bridge', 'Apt. 483'),
('Samantha', 'Mills', 'floresrachel@scott.info', '*L2WdmEeYK', '196-373-6567', '3039 Brian Shore Suite 406', 'Apt. 427'),
('Mary', 'Brown', 'joshua09@thomas.com', 'Ttx2Mlf4t*', '643.911.2363', '708 Abigail Vista Apt. 332', 'Apt. 084'),
('Jason', 'Butler', 'obrienlinda@shepherd.com', '^zX4DETvLv', '9962674821', '2405 Woods Dam Apt. 525', 'Apt. 426'),
('Juan', 'Savage', 'matthew99@torres.com', 'o0r$6Y!g$S', '914-379-2450x9077', '7792 Nathan Forges Apt. 280', 'Apt. 748'),
('Seth', 'Thomas', 'morrisjames@gmail.com', '#ORlm1pd19', '309.960.6921x366', '93503 Garza Turnpike', 'Apt. 001'),
('Christine', 'Williams', 'margaretsanchez@green-suarez.com', 'N6RFt_Gj$H', '610.670.3990x7383', '5330 Tyler Forest Suite 554', 'Apt. 240'),
('Michelle', 'Perry', 'steven60@hotmail.com', 'ZgHqtJww*6', '(735)576-7341x561', '47147 Lam Skyway Suite 624', 'Apt. 273'),
('Brian', 'Phillips', 'brownnicholas@gmail.com', '1@e_wFjf)w', '965.661.1885x49048', '30051 Hunt Stream', 'Apt. 360'),
('Anne', 'Nelson', 'oholden@hotmail.com', '_y55Pj%p(D', '618-674-7578', '65762 Kaitlyn Locks', 'Apt. 356'),
('Jacob', 'Escobar', 'jonathan48@gmail.com', '^+1f8UfRT#', '+1-882-090-6090x070', '25889 Costa Shoal Suite 585', 'Apt. 558'),
('William', 'Crawford', 'victoria28@yahoo.com', '$7j))MnbkV', '266-317-6360x3918', '830 Jennifer Cliff', 'Apt. 915'),
('Sarah', 'Fields', 'troyballard@gmail.com', '_aVmEiq8X7', '800-978-9269x27451', '871 Lauren Center Suite 213', 'Suite 349'),
('Carol', 'Hernandez', 'cindy70@johnston.com', 'Y_9JcIXpyq', '100.930.0802x649', '340 Kyle Manors Suite 260', 'Suite 911'),
('Brenda', 'Nelson', 'scottwagner@palmer.com', '28@_PHCt#J', '(242)006-8035x009', '0764 Amber Hills Apt. 454', 'Apt. 078'),
('Jeffrey', 'Hamilton', 'tonywright@yahoo.com', '4RqaVjd^!h', '+1-781-437-5021x2392', '403 Brittany Gardens Suite 350', 'Suite 060'),
('John', 'Rodriguez', 'laurabennett@rush.biz', 'sJ(V+XbZ(5', '685.407.6395x565', '22234 Ruiz Lights', 'Suite 509'),
('Marissa', 'Moore', 'deborahramirez@becker.biz', 'pkE8JU4!_8', '245-001-9268x80134', '662 Russo Viaduct', 'Apt. 591'),
('Andrea', 'Wood', 'gibsonmatthew@hernandez-dillon.biz', '%9)Z81Ddi0', '(768)700-7098', '311 Walter Flats Apt. 454', 'Apt. 097'),
('Melissa', 'Lynn', 'armstrongrobert@hotmail.com', 'lIq!4DRdRR', '+1-868-918-9113x048', '47988 Jonathan Tunnel Apt. 744', 'Suite 685'),
('Ann', 'Higgins', 'debbiebrown@yahoo.com', 'LsSCVoWw*1', '(895)501-8869x0739', '4258 Amy Springs Suite 657', 'Apt. 607'),
('Andrew', 'Whitehead', 'scottpatterson@shepard-adams.net', '!7_KD$wefH', '809.624.4868x70242', '00538 Terry Ports', 'Apt. 139'),
('Edward', 'Allen', 'benderhector@hotmail.com', 'f&Y65HJdyk', '949.001.9418', '30861 Monique Islands', 'Apt. 366'),
('Michael', 'Moore', 'karenrose@schmidt-ross.com', '!6k0RC0vx+', '(730)315-1972x6299', '62246 Nicole Plaza', 'Apt. 756'),
('Kevin', 'Mills', 'rhorn@aguilar-weber.com', '$EH5Jhs0Oi', '225-468-7796', '951 Ford Mountain', 'Apt. 078'),
('Sara', 'Schaefer', 'larsenjennifer@thomas-moore.com', '$6M)k9rN4o', '900.592.8652', '24917 Barbara Extension Apt. 828', 'Suite 944'),
('Samuel', 'Carlson', 'meyermiranda@yahoo.com', '%#CE+8ZsUu', '(799)318-8018x1576', '36320 Delgado Valleys Apt. 451', 'Suite 784'),
('Lacey', 'Dixon', 'hicksdiana@hotmail.com', '973*WvaL_j', '+1-776-980-0924x248', '435 Samantha Roads Apt. 784', 'Apt. 321'),
('Brandy', 'Bailey', 'kirbymarc@williams.org', 'w2%80Qn@3y', '736-866-0961x305', '315 Sheri Mountains Apt. 481', 'Suite 210'),
('Sandy', 'Armstrong', 'nflynn@schmidt-padilla.com', '_u892IVoh2', '001-724-777-3549x3004', '31488 Travis Fields', 'Suite 722'),
('Michelle', 'Lawson', 'cmyers@davenport.com', 'W6zSnth&_#', '015-464-4146x7262', '32598 Yesenia Valley Suite 333', 'Apt. 192'),
('Debbie', 'Ramirez', 'ochristensen@rocha.biz', 'b$3%Bttk*M', '404.663.9105x96519', '01601 Bennett Place', 'Suite 215'),
('Sergio', 'Charles', 'hobbsjames@yahoo.com', 'tr9^+YGk@b', '0796693227', '015 Ryan Garden', 'Suite 877'),
('Maria', 'Brown', 'carrollrobert@yahoo.com', ')r1AoQSaa!', '900.255.4953', '385 Burgess Underpass', 'Apt. 373'),
('Jeffrey', 'Jackson', 'jane18@anthony.com', '*WGmNPkp$0', '2521405803', '3217 Jason Flats', 'Apt. 893'),
('Randy', 'Jacobson', 'stephensjared@robinson.com', '(JM_EqPEK8', '(350)264-9406x71782', '3688 Christina Shoals', 'Apt. 540'),
('Eric', 'Avila', 'jlindsey@gmail.com', '&LH5as(sj0', '(942)712-3609x9665', '79053 Blackwell Union', 'Apt. 244'),
('Colleen', 'Stanley', 'theresa29@gmail.com', 'g*Q2PDZiLA', '001-134-356-2690x6583', '831 West Camp', 'Apt. 948'),
('Alison', 'Gutierrez', 'theresa16@yahoo.com', '^57dzRfW!1', '725.910.4377x56224', '004 Pruitt Grove', 'Suite 780'),
('Pamela', 'Smith', 'gregory20@gmail.com', '70CAert2_m', '+1-550-579-6132x842', '69468 Patel Tunnel Suite 288', 'Apt. 779'),
('Sean', 'Larson', 'amber45@gmail.com', 'FEuMkQHt+0', '774-905-4161x82912', '3803 Stone Avenue Suite 721', 'Apt. 829'),
('Jennifer', 'Long', 'gatescorey@gmail.com', '_GK2f2u@#4', '001-657-988-8747x8177', '70990 Cook Ranch Suite 462', 'Suite 212'),
('Molly', 'Jones', 'jillellison@sanders.com', '$_A1Jr0C3n', '(117)745-9827x2159', '69671 Anderson Inlet', 'Apt. 295'),
('Nancy', 'Holder', 'qhall@brown.info', '+7%1K7UqYZ', '(375)177-5825', '6017 Ernest Shore Suite 875', 'Apt. 669'),
('Sandra', 'Jackson', 'jasonjones@lee-smith.net', ')ShF2$nHa@', '9121511546', '44139 Kimberly Landing Suite 530', 'Apt. 722'),
('Julie', 'Miller', 'lee98@wilson.info', '5)U55GCcUp', '001-860-324-5322x2897', '267 Schneider Rue Apt. 012', 'Apt. 502'),
('George', 'Henry', 'lawrencegibbs@johnson-sullivan.net', '$pZqY1Pv4u', '8596266126', '900 Michael Unions Apt. 317', 'Apt. 918'),
('Julie', 'Summers', 'wrightronald@yahoo.com', 'p+8#eW3iV7', '+1-430-714-0367x1147', '8085 Pollard Circles', 'Apt. 988'),
('John', 'Alvarez', 'jonesaustin@mcbride.com', 'E_7Ulpb$dR', '001-332-142-9213x830', '78468 Justin Ports', 'Suite 165'),
('Jesse', 'Jackson', 'michael08@hotmail.com', 'Q7_2RFas8_', '+1-623-620-8700', '07393 Williams Highway Apt. 100', 'Suite 297'),
('Crystal', 'Bauer', 'annriley@gmail.com', 'Z0Z%dHBu+X', '0758014149', '03046 Warner Squares', 'Apt. 033'),
('Curtis', 'Sanford', 'david81@hotmail.com', '@B!4tulr2u', '273-908-4173', '97853 Ramos Throughway Apt. 859', 'Apt. 709'),
('Shelby', 'Briggs', 'gbarber@white-martinez.org', 'l4DZiaH9#w', '(834)009-3650x81591', '3556 Scott Street', 'Apt. 017'),
('Hannah', 'Singh', 'joseph77@gmail.com', 'q&O9n+LuvF', '+1-954-413-4803x8703', '38521 William Crescent', 'Suite 672'),
('Kelly', 'Ellis', 'jhess@goodman.org', '#9W%K)qdhu', '771-118-1908x157', '76324 Johnson Trail Apt. 964', 'Suite 312'),
('Ashley', 'Hendrix', 'whitney47@yahoo.com', '@usxVl*c45', '232-485-1250x7647', '25815 Kelley Island Suite 124', 'Suite 579'),
('Sandra', 'Bailey', 'ihardy@gmail.com', '+C^Di1qs9A', '(232)468-8358x42910', '882 Sarah Flats Apt. 560', 'Suite 247'),
('Michael', 'Cummings', 'jeffrey97@hotmail.com', '&HDFmGgf@1', '425-147-0892x6008', '5026 Thomas Center', 'Apt. 209'),
('Tasha', 'Hubbard', 'kmarshall@gmail.com', '!r#r5GEuU0', '931-613-4076', '08370 Jackson Path Apt. 691', 'Apt. 577'),
('Courtney', 'Myers', 'leejeff@yahoo.com', '*567GrEew*', '437.684.8931x77238', '887 Samantha Hill', 'Apt. 435'),
('Thomas', 'Johnson', 'iandrews@yahoo.com', 'A9JB!3KV!u', '(788)683-6052x6855', '247 Nelson Wall', 'Apt. 665'),
('Danny', 'Watkins', 'ryan37@hotmail.com', '*8AFRaD9zM', '392-611-5437x68858', '99085 Gross Crescent', 'Apt. 818'),
('Richard', 'Keller', 'jonesjoseph@keith-collins.com', '$NmJhxuC28', '631-259-9549x6933', '792 Jennifer Island Apt. 539', 'Suite 576'),
('Joshua', 'Delgado', 'slewis@hodges.com', 'Tf1N1KWUj^', '(576)182-6756x056', '47792 Carol Courts Suite 079', 'Apt. 225'),
('Keith', 'Williams', 'vgregory@gmail.com', 'Wen*Xhkf*3', '374.497.9972x0056', '372 Regina Turnpike', 'Apt. 799'),
('Pamela', 'Moore', 'vbauer@yahoo.com', '^_UC7zswa3', '507.524.5950x43605', '6631 Vanessa Overpass Suite 294', 'Apt. 412'),
('Linda', 'Grant', 'ghodges@gmail.com', 'c6x27R_R#B', '692.695.1907', '422 Amanda Views Apt. 326', 'Apt. 916'),
('Ronald', 'Duffy', 'thomas46@jones.com', '(*8DfpOX!Z', '434.164.8497x5335', '7690 Patrick Islands Apt. 281', 'Suite 776'),
('Christopher', 'Williams', 'buckleykristin@yahoo.com', '$!a2Y@*uWa', '001-798-640-6084x1764', '14596 Burns Green Suite 669', 'Suite 203'),
('Richard', 'Murphy', 'clarkian@yahoo.com', '*&m9M@Hl)2', '001-196-871-2394x14328', '72205 Jonathan Walk', 'Apt. 491'),
('Ryan', 'Harris', 'fchapman@chang.info', '^q(3wGgIKr', '928-643-1129x70166', '0180 Randolph Pass', 'Apt. 917'),
('Christina', 'Matthews', 'troymorgan@collins-mckinney.org', 'K_0Szw(aH5', '507.645.4737', '00814 Jones Unions', 'Apt. 104'),
('David', 'Williams', 'pereztodd@morris.org', 'e#j9QuW4gs', '+1-155-401-5210', '606 Ramirez Meadows Suite 729', 'Suite 227'),
('Patricia', 'Johnson', 'xmartin@hotmail.com', 'uomu2gHy!C', '+1-619-885-1899x458', '585 Connor Manors Apt. 115', 'Apt. 242'),
('Alejandra', 'Houston', 'mschmidt@gmail.com', 'D&w(aXpT)9', '001-062-496-7362x08163', '4580 Edward Flat', 'Suite 978'),
('David', 'Andrade', 'mark61@gmail.com', 'PQMIq^nu(9', '(649)092-5191x189', '7115 Patricia Turnpike', 'Suite 194'),
('Julie', 'Strong', 'roachkevin@gmail.com', 'H#8N5iJyzL', '950.294.7958', '267 Holland Crescent Apt. 774', 'Apt. 929'),
('Nicole', 'Kim', 'thomas72@evans.com', 'c_q4l4Yp1O', '(879)364-9232', '823 Banks Burgs Apt. 775', 'Apt. 769'),
('Lee', 'Jacobs', 'jason05@yahoo.com', '+pBE#pPJ6&', '001-553-429-4425', '60106 Garcia Drive Apt. 824', 'Suite 576'),
('Cynthia', 'Ramirez', 'cmartin@moore.biz', 'GlX2Pb3N!!', '+1-280-227-1517x37233', '9232 Sydney Mill Suite 619', 'Suite 323'),
('Crystal', 'Hanson', 'emilykrueger@gmail.com', '(o0)ZeCrPc', '723-898-4103', '49097 Jesse Stravenue Apt. 758', 'Suite 458'),
('Kristina', 'Wallace', 'hartbeverly@gmail.com', '+&51OtdvPf', '404.723.4160x602', '752 Amber Manor', 'Apt. 283'),
('Travis', 'Patton', 'umitchell@yahoo.com', 'Kf9FEERp!a', '615.639.7433x8690', '652 Christopher Grove Apt. 234', 'Apt. 538'),
('Jessica', 'Martin', 'oscar23@hotmail.com', ')gC1JpZ9g8', '2663831377', '4512 Todd Estate', 'Suite 386'),
('Ryan', 'Peterson', 'warroyo@galvan-estrada.biz', '$Q2@IXkxxE', '001-667-546-9354x15055', '2954 Brandon Lodge Suite 423', 'Suite 785'),
('Corey', 'Wilcox', 'joseph73@hotmail.com', ')kG)yHNbz9', '001-255-912-5235x4850', '0234 Anderson Divide', 'Suite 146'),
('Ryan', 'Olson', 'uscott@yahoo.com', '#Z^V@U)yS4', '1288692081', '36737 Carlos Cape', 'Apt. 968'),
('Timothy', 'Thomas', 'uwhite@gmail.com', ')3*1LvHhJE', '901-534-8834x294', '117 Johnson Extension Apt. 795', 'Suite 863'),
('Alexandra', 'Branch', 'taylor46@yahoo.com', '1iiw6Uvhk#', '7318383625', '558 Taylor Trace', 'Apt. 881'),
('Christian', 'Hodges', 'castillothomas@hotmail.com', 'uy@4DPkhRS', '+1-933-606-1265x287', '4373 David Meadow', 'Suite 242'),
('Jay', 'Garcia', 'meganscott@simmons.com', 'i69TEft1!K', '001-587-621-5042x565', '96836 Collins Points', 'Suite 767'),
('Tony', 'Watts', 'mendezreginald@lopez-orr.com', '!y3TcQk$*3', '001-261-462-0817x938', '117 Wilkerson Brooks Apt. 955', 'Suite 546'),
('Regina', 'Williams', 'swilliams@yahoo.com', 'V$3oUPqu@O', '518-163-6017x890', '68522 Justin Lake Suite 995', 'Suite 514'),
('Jeffrey', 'Green', 'brownemily@meyer.info', '*_i4#Gta3*', '(381)301-8174', '0607 Teresa Forges', 'Suite 943'),
('Vincent', 'Kim', 'xwest@james.com', 'I_8ZO$b$(4', '921-747-5056x27274', '1629 Rebecca Trail', 'Suite 569'),
('Robert', 'Howard', 'qcohen@hotmail.com', 'E2&oZo3v$5', '001-893-868-2542x09305', '0127 Keller Burg', 'Apt. 800'),
('Joseph', 'Reid', 'aaron61@hotmail.com', 'y(4^LmcPc4', '(800)240-3337', '3353 Christine Summit', 'Apt. 964'),
('Michael', 'Strong', 'brianherman@martin.com', '0Ip%Wpn0*G', '001-094-648-8285', '4582 Bradshaw Creek', 'Apt. 272'),
('Elizabeth', 'Tran', 'georgejacob@singh.info', '#s66NXo!Aj', '089.669.9865x7712', '089 Richard Mountains Suite 627', 'Apt. 589'),
('Patricia', 'Briggs', 'marypitts@cole.info', 'r&+3GCIfc!', '+1-969-881-2162x8606', '06186 Willis Tunnel Suite 587', 'Apt. 362'),
('Sierra', 'Preston', 'ecampbell@barnett.com', '9JMdc&5w@Y', '3608600179', '0701 Stewart Turnpike Apt. 357', 'Suite 652'),
('Sheila', 'Williams', 'jeffrey45@hotmail.com', '!JY&G3cck6', '2455700072', '42228 Timothy Terrace Apt. 488', 'Apt. 196'),
('Clayton', 'Smith', 'zwarren@buckley.biz', 'IFpz5P$r&y', '001-703-047-0036', '35011 Caroline Mountain', 'Suite 666'),
('Julie', 'Walker', 'zmoore@gmail.com', '@855dSvc3!', '001-913-234-9169x18104', '28795 Quinn Stravenue', 'Apt. 829'),
('Donna', 'Elliott', 'dawsonchristopher@robinson-watson.info', '1o4cKJepb#', '001-064-361-8733x1004', '80979 Samuel Shores Apt. 204', 'Suite 577'),
('Jennifer', 'Sullivan', 'nicholas69@yahoo.com', '_S9s&M^vYB', '+1-005-060-9723', '78256 Barnes Locks Suite 112', 'Suite 296'),
('Jeremy', 'Johnson', 'blackraymond@washington.com', '%zSuEod454', '861-493-1659x001', '8335 Hunter Motorway Apt. 622', 'Suite 044'),
('David', 'Hawkins', 'williamburke@hotmail.com', '*NJ%+7Qx^r', '580-990-2999x884', '536 Kelsey Inlet', 'Apt. 978'),
('Dawn', 'Torres', 'angelamarquez@yahoo.com', 'R8Rd!+DU+2', '(386)135-9622', '5911 William Summit Suite 766', 'Apt. 881'),
('Dalton', 'Smith', 'ubennett@yahoo.com', 'A%1D80Sn&#', '124.036.3142x6598', '08752 Foster Mission', 'Suite 501'),
('Michael', 'Rice', 'kperry@hotmail.com', 'ocri1bT%v@', '001-101-616-9363', '314 Parsons Falls', 'Suite 478'),
('Kathleen', 'Jacobs', 'zthomas@hotmail.com', 'U8eBdjPk!!', '+1-896-875-7940x87957', '80330 Heather Road Suite 799', 'Apt. 975'),
('Justin', 'Browning', 'kmiller@holt.com', '#8D8%KH_ch', '001-397-425-1002x4840', '13092 Nicholas Fields', 'Suite 841'),
('Jennifer', 'Baker', 'jeremydavis@yahoo.com', 'ToHBI_nq^3', '468.296.4403', '72256 Andrew Creek Suite 681', 'Suite 511'),
('Gina', 'Stewart', 'ronald13@gmail.com', ')7ZN*FjGB%', '812-164-9468x3133', '6093 Richardson Park', 'Suite 772'),
('Bradley', 'Reed', 'jose93@herrera.org', '!5KGGip12S', '+1-610-405-7297x4589', '52236 Juan Keys', 'Suite 435'),
('Susan', 'Glenn', 'imassey@cross-campbell.com', 'Ps55Hwl37%', '506.748.3429x834', '35548 Mark Flats Suite 444', 'Suite 239'),
('Diane', 'Holland', 'evanslinda@yahoo.com', '$9(c2JkyV*', '(113)737-9678x205', '039 Perkins Road', 'Suite 255'),
('David', 'King', 'tbaker@ochoa-contreras.com', ')DPPc)sP$1', '+1-633-875-1018x486', '963 Paul Freeway Apt. 569', 'Apt. 976'),
('Latoya', 'Clark', 'robertwatkins@harrison.com', 'JZTE8o0iZ^', '+1-891-313-4103x6264', '72692 Carrie Mountains Apt. 350', 'Suite 400'),
('Tara', 'Riddle', 'linda70@yahoo.com', '$J43*CQtnf', '(030)105-7915', '2587 Brittany Street Apt. 021', 'Suite 457'),
('Valerie', 'Orr', 'smora@jordan-boyle.com', 'g!X8GpIo$S', '084.624.7459', '208 Alexandra Falls', 'Suite 879'),
('Jeffrey', 'Holt', 'stephanie92@yahoo.com', '#0BQ!Hpt%x', '+1-368-423-7970x11800', '231 Robert Lock', 'Apt. 804'),
('Caitlin', 'Walter', 'jeffery10@hotmail.com', '!48IUfi&)z', '333.452.2414x9833', '39430 Stephanie River Apt. 338', 'Suite 259'),
('Vanessa', 'Mcbride', 'krystaljohnson@yahoo.com', 'M+0dVE&lyE', '364-533-9781x671', '260 Blair Camp Suite 364', 'Suite 991'),
('Angela', 'Skinner', 'jamesmurphy@yahoo.com', 'kO(1LSrJ*7', '+1-546-761-7028', '91427 Byrd Valley', 'Suite 917'),
('Douglas', 'Cameron', 'kristen12@yahoo.com', '+GKyE*6h87', '001-414-083-7685x41110', '6218 Gilbert Prairie Apt. 582', 'Apt. 033'),
('Tiffany', 'King', 'bdaniels@white.org', '%0%hMyJwga', '2895046052', '862 Long Rest Suite 264', 'Apt. 386'),
('Richard', 'Jackson', 'thomaschristine@ramsey.com', '7s5ArA9a$5', '+1-815-810-7855x3862', '94369 William Shore Apt. 253', 'Suite 429'),
('Daniel', 'Alvarado', 'sandra98@lucas.com', '%0Iz86JaU1', '208.510.1781x0311', '422 Blake Dale', 'Apt. 088'),
('Kathryn', 'Fowler', 'valeriemendoza@yahoo.com', 'S73Npdd&^+', '004-364-1963x1394', '56506 Randolph Village', 'Apt. 334'),
('Joshua', 'Vincent', 'julia90@yahoo.com', 'VUO%4IQpf*', '001-555-824-6458x654', '6225 Nicholson Cove', 'Suite 807'),
('Ricky', 'Jenkins', 'trobinson@flores-moore.info', 't0GJr&lL)K', '901-498-4990x40040', '779 Jesus Park Suite 675', 'Suite 265'),
('Nicholas', 'Velasquez', 'zhamilton@scott.com', 'bX4cWKc58*', '001-553-475-3410x77132', '701 Mitchell Highway', 'Suite 518'),
('Amy', 'Summers', 'austin71@gmail.com', '$U1H9Nmp!*', '702.802.8751', '259 Weber Parkway Apt. 277', 'Suite 298'),
('Tina', 'Baker', 'jonesjoseph@gmail.com', ')M3EAzc%@i', '001-448-066-3209x4630', '4020 Sabrina Falls', 'Suite 408'),
('Edwin', 'Conner', 'nancy94@gmail.com', 'N7b@HxyC+Z', '171.853.8341x5309', '8824 Hicks Points', 'Suite 880'),
('Eric', 'Dominguez', 'carrpaul@jacobs.com', '$%73Wm9sK3', '(479)725-1629', '08237 Shelby Ports', 'Apt. 752'),
('Carolyn', 'Trevino', 'anicholson@miller-cole.com', '(&NOwSuw_2', '(212)249-7765', '5472 Kayla Village', 'Suite 141'),
('Amanda', 'Perry', 'corey43@henry-kim.com', '#Z2eIHfDaE', '001-228-814-9291', '3474 Mark Well', 'Apt. 745'),
('Brian', 'Gonzalez', 'schneiderkaren@thomas-park.net', '!8NTga+Qeu', '(605)160-9646x891', '366 Brown Hollow', 'Suite 943'),
('Phillip', 'Ball', 'petermiller@pruitt.org', 'Rh(p5EUh&$', '+1-802-082-5917x1018', '242 Johnson Plaza', 'Apt. 982'),
('Robert', 'Shaw', 'ramirezmichael@yahoo.com', '7_Qd%frV&8', '035.089.8947', '5125 Nancy Trafficway', 'Apt. 245'),
('Bradley', 'Weiss', 'kleinryan@hotmail.com', 'wzaX!x47+9', '001-813-569-6653x395', '125 Ernest Mount', 'Suite 107'),
('Cameron', 'Malone', 'ann52@cabrera-webb.info', 'fa(8WplajR', '1652238587', '402 Miller Cliff Apt. 090', 'Suite 379'),
('Matthew', 'Anderson', 'bwhite@hickman.com', 'RYh0Woqby*', '533-070-3998x713', '8078 Kimberly Ville Apt. 207', 'Apt. 286'),
('Anthony', 'King', 'hardybryan@gmail.com', 'z43WRoTk_P', '1813868077', '2995 Bowman Hill Apt. 449', 'Suite 976'),
('Tyler', 'Green', 'oscott@wilson-elliott.com', '9DARz%cE!3', '(427)446-8944x8088', '75970 Kim Gateway Suite 443', 'Apt. 578'),
('Jason', 'Kirby', 'ofox@hotmail.com', 'A3N7D9xa^#', '103.165.9885', '45507 Jones Walks', 'Apt. 175'),
('Stephanie', 'Miller', 'brittanyflores@yahoo.com', 's(Qx8UrTRy', '6646287875', '832 Emily Plains', 'Suite 022'),
('Nicole', 'West', 'howardcynthia@yahoo.com', 'cy(A9umB$5', '5083300952', '27943 Villarreal Mall', 'Apt. 516'),
('Garrett', 'Mendez', 'mcguirecrystal@young-lawrence.com', 'Q_8X6_hH)Y', '001-854-779-8848x893', '77868 Phelps Divide', 'Apt. 816'),
('Ashley', 'Kelly', 'elizabeth33@gmail.com', '%e+Zqba(1c', '0511817332', '24934 Kevin Plains', 'Apt. 375'),
('Rodney', 'Villarreal', 'vweber@kaiser.com', '@fMZz@5v+9', '001-637-222-9347x722', '8907 Butler Walk', 'Suite 015'),
('Hannah', 'Johnson', 'kimberlyfaulkner@yahoo.com', 'S3mT(5Pp_+', '(677)568-2833x40670', '158 Whitney Rapids Apt. 775', 'Apt. 496'),
('Alan', 'Kim', 'laura96@flores.com', 'jx8JwFsYL%', '431.371.0805x769', '9548 Jennifer Radial Apt. 149', 'Suite 034'),
('Eric', 'Cruz', 'amanda28@hotmail.com', ')sPhLA#x4K', '+1-479-226-5816x8785', '334 Jill Centers Apt. 439', 'Apt. 647'),
('Michael', 'Allen', 'john26@hotmail.com', '4p3BnJ_h+C', '792-619-0698', '38080 Gibbs Oval Suite 543', 'Suite 972'),
('Kimberly', 'Pollard', 'mcclainkeith@yahoo.com', 'vj5MXmBG$R', '001-478-189-4718x1834', '73747 Mcintyre Lodge Suite 796', 'Suite 185'),
('Brandon', 'Wells', 'harriskayla@yahoo.com', 'g+9GZuxY%7', '895-474-7615x61743', '4916 Herring Vista Suite 038', 'Apt. 177'),
('Karen', 'Reyes', 'tbailey@gmail.com', 'of0zNb@j%2', '593-875-8790x7561', '6611 Natasha Meadows Apt. 316', 'Apt. 193'),
('Stephanie', 'Barnes', 'christinebuchanan@rodriguez.com', 'D9y7M&ch9#', '965-010-0676x9069', '3696 Bruce Motorway', 'Suite 479'),
('Crystal', 'Hall', 'rboyer@brown-george.net', '#i6O+rUR+F', '+1-792-758-8287', '494 Katie Manor Apt. 934', 'Apt. 835'),
('Anthony', 'Martin', 'mburton@galloway.com', '&2N5F8eFQx', '(271)275-3443', '367 Schroeder Manor', 'Apt. 535'),
('Shannon', 'Watson', 'hudsonmichael@gmail.com', '8%Ksn0NcPI', '+1-167-255-0261x0591', '73593 Randy Springs Suite 633', 'Apt. 149'),
('Amanda', 'Rodriguez', 'wblackwell@ryan-robles.com', '*2WHCUjcf4', '2474027542', '852 Bates Hill Apt. 289', 'Suite 091'),
('James', 'Gentry', 'todd61@yahoo.com', 'hfF5LWa_$#', '111.312.3810x1138', '90475 Travis Expressway Apt. 796', 'Suite 035'),
('Ann', 'Coleman', 'othomas@blair.com', 'KM7V2hqUj+', '060-362-3543x1250', '3403 Logan Locks', 'Apt. 493'),
('Dalton', 'Kelly', 'bennettpaul@hotmail.com', ')4L4&2uhUb', '062.941.1238', '52372 David Drives Apt. 190', 'Suite 102'),
('Glenn', 'Raymond', 'eshort@gmail.com', 'WL*I2PKs#u', '031.522.7145x0551', '753 Michael Pines Suite 179', 'Suite 715'),
('Kevin', 'Kline', 'kirstenholmes@yahoo.com', 'huUMQtC4&2', '479.638.5955x604', '3620 Tina Skyway', 'Suite 648'),
('Sarah', 'Fox', 'williamstaylor@hotmail.com', 'P0rdVIPt$q', '476.993.3395x20458', '900 Philip Extension', 'Apt. 917'),
('Ryan', 'Arnold', 'mbrown@ayers.com', '&g9GLf5A8c', '001-712-865-5546x583', '18677 Rodriguez Junctions', 'Suite 504'),
('Paula', 'Dixon', 'ginawebb@wiley-hughes.com', 'N5YS^xev@u', '(520)598-9173x73877', '267 Rodriguez Greens Suite 974', 'Suite 265'),
('Haley', 'Burns', 'browndavid@hayes-hudson.org', '9cZPC1u7!P', '349-808-2141x7000', '5406 Black Route', 'Apt. 908'),
('Robert', 'Brown', 'samantha76@johnston-mitchell.com', '$4nK2ti2bu', '001-701-415-4850x022', '776 Villarreal Crescent', 'Apt. 707'),
('Marissa', 'Turner', 'christopherolson@hotmail.com', 'T_4CgbGwy#', '809-129-0848x6424', '27398 Robert Pine', 'Apt. 898'),
('Jeffrey', 'Warren', 'mary83@yahoo.com', '_vg%H7Dg5r', '2410905520', '49015 Cannon Avenue', 'Apt. 087'),
('John', 'Davis', 'erik67@cannon.com', 'coUUO8Wg+4', '(118)849-7119x3636', '47885 Brown Mountain', 'Apt. 133'),
('Scott', 'Collins', 'john37@schmidt.info', '^1ATOtXCsD', '186-264-8961x660', '9241 Robert Fort', 'Suite 958'),
('Katherine', 'Martin', 'bmills@gmail.com', '_im(Td2l2a', '399-145-9689x866', '7670 Blackburn Alley', 'Suite 787'),
('Jamie', 'Murphy', 'xwillis@gmail.com', 'GB3cJ6wa)B', '(048)800-0261x23328', '26508 Hicks Manors Apt. 581', 'Apt. 531'),
('Anthony', 'Robbins', 'rodriguezmary@durham-ramirez.com', 's5sPJQpW$@', '(391)459-8251', '3356 Robertson Mount Suite 331', 'Suite 554'),
('Vickie', 'Jackson', 'stephanieharris@woodard.com', 'q0#GZ7KK+v', '(273)342-1623x249', '039 Campbell Causeway', 'Apt. 374'),
('Christy', 'Morales', 'taylor94@yahoo.com', 'X091LZJr$g', '475.323.3477', '0594 Aguilar Springs Apt. 109', 'Apt. 159'),
('Cory', 'Garcia', 'michael05@lewis.com', 'Y9&OTy_y^M', '632-690-9676', '897 Coleman Junctions Apt. 232', 'Suite 709'),
('Beth', 'Newman', 'nmartinez@flores-gonzalez.com', '_j90JaKa_T', '(724)451-4798x5993', '943 Jamie Squares', 'Apt. 600'),
('Brittany', 'Long', 'charris@morris-ramirez.biz', '@8YjNTkkdE', '493-174-8317x764', '567 William Locks Suite 140', 'Apt. 907'),
('Mckenzie', 'Johnson', 'zodom@yahoo.com', '5&1C05WoT&', '246.766.8284', '5039 Joshua Ports Suite 029', 'Apt. 225'),
('Alexander', 'Osborne', 'devans@gmail.com', '@0yFAaHi+f', '(041)515-5167', '56086 Oconnor Alley Apt. 070', 'Suite 297'),
('Kimberly', 'Brown', 'thomas87@webb.com', 'xz*6Xgvt@D', '(478)031-7947x3614', '05370 Massey Creek Apt. 819', 'Apt. 525'),
('Ashley', 'Patton', 'teresarogers@hunt-fletcher.com', 'EtM4ktEIB^', '355-832-8573x42850', '92069 Long Shoal Suite 486', 'Apt. 950'),
('Priscilla', 'Fischer', 'nancy25@phillips.net', 'Kd3US1zoi!', '(053)421-0619x9642', '729 Carter Fall', 'Suite 671'),
('Kimberly', 'Ellison', 'davidhenry@hotmail.com', '8!3JQy3l)_', '(828)957-2438', '43210 Austin Knoll Apt. 054', 'Apt. 699'),
('Dominique', 'Pitts', 'jamie17@wilkerson.info', '5Z%2iBdB@8', '+1-397-632-6002x9918', '2678 Mary Spur', 'Apt. 555'),
('Matthew', 'Hayes', 'jermainejohnson@meyer.com', '*t9OEjw@z*', '973-321-7862', '966 Butler Views Apt. 165', 'Suite 683'),
('Sandra', 'Larson', 'ymacdonald@nash.com', '!9K6VBGN@k', '690-177-7074', '74588 Ariana Greens', 'Suite 906'),
('Tammy', 'White', 'suttonnatalie@woods-skinner.com', '$b7BLtpUxd', '(228)217-0087x072', '05893 David Crescent', 'Suite 404'),
('Jessica', 'Pope', 'james34@yahoo.com', '&ipc&UODD0', '+1-176-928-9766x02617', '201 Sarah Street', 'Suite 759'),
('Laura', 'Patterson', 'danaromero@hotmail.com', '^jKDKl*wx8', '898.170.8708x1131', '393 Cameron Prairie Apt. 668', 'Apt. 688'),
('Anna', 'Stevens', 'tphillips@gmail.com', 's4H6Wtkj(y', '645.527.9181x345', '44222 Owens Way Suite 670', 'Apt. 834'),
('Jacqueline', 'Williams', 'carla87@thomas.com', 'pAOkPpms+7', '976.735.5041x761', '170 Victoria Dale Suite 433', 'Apt. 922'),
('Laura', 'Lewis', 'ccollins@hotmail.com', 'n916IB0s%I', '001-836-403-8833x33319', '2124 Mark Dam', 'Apt. 763'),
('Jessica', 'Todd', 'rhodges@yahoo.com', '^Q7bPo(xm$', '+1-195-125-7827x30168', '85001 Schwartz Viaduct', 'Suite 498'),
('Ann', 'Goodwin', 'vegabryan@perez.com', 'bL&8ZuZd$S', '(703)109-1500', '7029 Henry Dam Apt. 803', 'Suite 098'),
('George', 'Vincent', 'osuarez@hotmail.com', '0Z1dd@szo&', '717-628-1515x5445', '6335 Burns Trail Suite 518', 'Suite 262'),
('Ronald', 'Wright', 'justinalexander@crosby.com', 'L+6Xxct&l^', '624-748-3449x198', '089 Rebecca Locks', 'Suite 698'),
('Nicole', 'Torres', 'watkinsshawna@gmail.com', 'VU_5Tx(g4n', '+1-585-674-7999x8896', '889 Foley Tunnel', 'Apt. 579'),
('Katherine', 'Villa', 'johnlynch@hotmail.com', 'on&tH0Bhb^', '614-796-9266x528', '0939 Jones Radial Suite 648', 'Apt. 376'),
('Sabrina', 'Kelly', 'hcowan@yahoo.com', '@ycGja+c82', '(302)124-2059x732', '195 Dennis Hill', 'Apt. 459'),
('Kelly', 'Lucero', 'shawjames@yahoo.com', 'MkV9Lec4!h', '740.117.3495x258', '20921 Dylan Estate', 'Suite 597'),
('Joseph', 'Durham', 'smithcaitlin@moore.com', '518P*zFh(%', '(967)479-9890x56319', '0684 Foley Turnpike', 'Suite 504'),
('Taylor', 'Hawkins', 'smithandrea@yahoo.com', 'v86Ed!31v@', '(457)517-5288x324', '0622 Nash Walks', 'Apt. 092'),
('Tina', 'Smith', 'jason23@michael-ray.com', 'jdZ9P$qi$4', '288-007-8230x4875', '393 Jamie Oval Suite 470', 'Apt. 760'),
('Anna', 'Rodgers', 'nguyenadam@hotmail.com', 'HmBz2Z+e#j', '+1-654-995-1231x84265', '44538 Keith Radial Apt. 147', 'Suite 012'),
('Manuel', 'Miller', 'thomas44@west.com', '5cV7Oijr*a', '(040)091-7383x414', '2294 Kristin Lock Apt. 128', 'Apt. 341'),
('Joseph', 'Cole', 'gcardenas@fitzgerald-lee.net', 'FN*11YKpoB', '001-283-442-7153x384', '5691 Munoz Circles', 'Suite 374'),
('Kevin', 'Johnson', 'yreid@hotmail.com', 'k__4jTq0_5', '400-391-9099x5679', '28594 Jonathan Glen Apt. 632', 'Suite 759'),
('Joanne', 'Stanley', 'colemancheryl@perez-conner.com', '!X#N1tPk(1', '(358)767-8475', '64215 Heath Views', 'Suite 125'),
('George', 'Escobar', 'michael95@hotmail.com', '&DSJg_Pl2B', '(999)043-3714x4385', '397 Michael Underpass Apt. 428', 'Suite 902'),
('Jeffery', 'Johnson', 'zjackson@yahoo.com', '$rI8BU!aZ7', '001-992-227-0149x4381', '9541 Lisa Views', 'Suite 579'),
('Laura', 'Burton', 'hallryan@hotmail.com', 'FctKH&x6+3', '4292219508', '829 Jones Plains', 'Apt. 823'),
('Michael', 'Lin', 'wolfsandra@hotmail.com', '#Od)vL1o79', '583-119-8713x522', '457 Julia Curve Apt. 876', 'Suite 259'),
('Erin', 'Cross', 'edwardskyle@baker.net', '(G42FRzdq9', '+1-158-900-8453x64942', '75486 Bobby Haven', 'Suite 545'),
('Jessica', 'Turner', 'sarnold@yahoo.com', '^8Vvbt7Zd3', '+1-689-159-2151x563', '6076 Kyle Ville Apt. 414', 'Suite 712'),
('Richard', 'Lowery', 'evangreen@graham.info', 'i5Pno)82)q', '112.298.3939', '6681 Taylor Landing', 'Suite 522'),
('Jacob', 'Gilmore', 'jonesmiranda@edwards-mendez.com', '_EtzeI*b6X', '289.586.8661x59054', '790 Ashley Shore', 'Suite 017'),
('Audrey', 'Daniel', 'joshuagarcia@peters.com', 'm9ROY76z#w', '(737)890-2649x342', '23066 Robert Mountain Suite 422', 'Suite 139'),
('Kenneth', 'Young', 'nortoncynthia@hotmail.com', 's+7^U7@d^h', '(279)031-1545x1672', '7104 Bell Drive', 'Apt. 811'),
('Justin', 'Romero', 'cameron50@hotmail.com', '!E04WvBeBX', '200.984.3609', '1835 Rubio Parks Apt. 483', 'Suite 379'),
('Thomas', 'Gomez', 'andersonbrian@simpson-thomas.com', 'qR7Ns+4wx%', '+1-924-095-9810x919', '29364 David Course Apt. 798', 'Suite 831'),
('Michael', 'Kerr', 'tclark@hotmail.com', 'i&$lp5Bti5', '001-356-481-9453x4023', '55882 John Villages Suite 561', 'Suite 958'),
('Steven', 'Hernandez', 'fdeleon@wong-lewis.info', 'F5c+XkAw&w', '(856)086-7524', '33948 Erica Lodge Apt. 411', 'Apt. 614'),
('Susan', 'Jones', 'jameswolf@waters-nguyen.com', '@Ds9^jXnfK', '130-781-2007x163', '7287 Michelle Ridges', 'Apt. 335'),
('Theresa', 'Waller', 'bondwillie@yahoo.com', '!9HlNNlbA+', '389.717.7245x9409', '713 Francis Throughway', 'Suite 109'),
('Willie', 'Taylor', 'tperez@gmail.com', 'S4V_nPv%$(', '+1-512-482-8807x122', '989 Bobby Rest', 'Apt. 293'),
('Brenda', 'James', 'hhenderson@eaton.net', '+ZAx!)JnH7', '643.548.3983', '6849 Solis Street', 'Apt. 288'),
('Jeremy', 'Smith', 'rpowell@gmail.com', 'fU8U$jKu@d', '(169)709-7478x3698', '77560 Gonzalez Landing', 'Suite 015'),
('Jennifer', 'Martin', 'ablack@washington-alexander.biz', 'r4HRfBxx*x', '802.977.4260', '45155 James Wells Suite 378', 'Apt. 846'),
('Karla', 'Harris', 'toniestrada@fisher-nguyen.biz', 'S$12YMdp7j', '+1-904-276-4240x4331', '28990 Duncan Vista Suite 418', 'Suite 565'),
('Misty', 'Martin', 'evansjanice@webb-rhodes.com', '&IN%ChKom9', '529-862-5023x74474', '951 Jordan Hollow', 'Suite 908'),
('Monica', 'Anderson', 'hrios@hotmail.com', '4U^EL2NaAl', '001-571-772-6956x490', '4564 Ryan Lodge Apt. 337', 'Apt. 221'),
('Brian', 'Taylor', 'emily40@hansen-kaufman.com', 'j6DH*oRv$y', '001-755-319-0768x354', '177 Christine Flats Apt. 073', 'Apt. 162'),
('Maria', 'Raymond', 'bradleysmith@hotmail.com', 'E)7IlR%lg9', '(583)535-1836x98121', '784 Jake Groves', 'Apt. 610'),
('Rodney', 'Phelps', 'phillipstimothy@gmail.com', 'iW2AtABjU^', '688-698-7643x8182', '9483 Riggs Drives Apt. 058', 'Suite 298'),
('Dawn', 'Jordan', 'rcook@chambers.biz', ')%0KIv2ggM', '+1-191-789-7375x72093', '34951 Logan Burg', 'Apt. 050'),
('Marie', 'Miller', 'beth54@hotmail.com', 't)7c4JfvDP', '132.273.5184x681', '062 Jessica Island Apt. 847', 'Suite 133'),
('Melissa', 'Powers', 'allenapril@rosales.com', ')jTUfNMN_4', '994-159-8658x81970', '089 Hogan Mall Suite 003', 'Apt. 015'),
('Harry', 'Gardner', 'shawn95@cunningham.com', '!urtQsdgf5', '(595)209-6751x0453', '422 Palmer Hills', 'Suite 372'),
('Chad', 'Woodward', 'ballarddavid@gmail.com', 'HM2vTKhww!', '230-105-7402x06335', '6263 Robert Mountain', 'Apt. 907'),
('Jared', 'Barrett', 'jcampbell@gmail.com', 'oxd9I0Uxa*', '001-051-267-5454x646', '92018 Reed Knolls', 'Apt. 036'),
('George', 'Hicks', 'wlewis@gmail.com', '$7)76Ah)Id', '033.368.9582', '0818 Ward Isle', 'Suite 207'),
('Diana', 'Romero', 'edwardsnicole@anderson.com', '!C03MPlxXb', '3831498935', '0132 Chad Station Apt. 466', 'Suite 250'),
('Charles', 'Nelson', 'michelleshaw@yahoo.com', 'h&OYuFjE&5', '001-429-679-5822x488', '219 Rebecca Square', 'Suite 287'),
('Gerald', 'Davis', 'barnettlaura@williams.info', ')J_83dJo(z', '+1-482-675-7169x63544', '6581 Graham Freeway Suite 350', 'Suite 935'),
('Steven', 'Mcgee', 'thomasjames@gmail.com', '#00@OkFrV8', '+1-843-120-4336x45247', '455 Kirk Fall Suite 338', 'Apt. 246'),
('John', 'Turner', 'pateljoshua@hotmail.com', 'T0onL7xL&)', '(998)823-8745x9559', '2555 Alexander Orchard', 'Suite 887'),
('Matthew', 'Robinson', 'imartin@gmail.com', '5eFBDJUR$I', '+1-273-126-9086x84881', '7911 Mary Prairie Apt. 823', 'Apt. 010'),
('Benjamin', 'Reese', 'sethross@hotmail.com', 'N^sy1Awel(', '822.648.2892x0202', '1699 Christopher Shores', 'Apt. 548'),
('Peggy', 'Leon', 'samuel55@gmail.com', '!nCc70&vU3', '(784)340-7282', '9543 Brian Island', 'Apt. 428'),
('Dillon', 'Rodriguez', 'lyonsjohn@martinez.com', 'l)6Q#doIKv', '+1-952-633-0877x0404', '255 John Highway', 'Suite 289'),
('William', 'Patterson', 'cfoley@yahoo.com', 'B%9skXyzIh', '1788492452', '342 Caldwell Isle', 'Apt. 653'),
('Mary', 'Williams', 'ybeard@yahoo.com', '($6B4)dcUv', '001-795-449-1265x591', '541 Morris Lodge Suite 339', 'Suite 758'),
('Cheryl', 'Wall', 'bcasey@reyes.org', 'KW0ZPS*t#4', '001-788-485-1066', '242 Payne Ways', 'Apt. 527'),
('Robert', 'Moses', 'jennifer31@yahoo.com', '_q3HgTxBT1', '001-945-454-1130x51780', '15712 Olivia Lights', 'Apt. 775'),
('Nancy', 'Ortiz', 'petersondouglas@jackson-fisher.com', 'f68L4Cwf)B', '997.259.9514', '209 Kimberly Trace Apt. 106', 'Suite 391'),
('Cynthia', 'Norris', 'gary16@gmail.com', 'snB9#gFg#M', '(355)355-3578x0209', '83037 Debra Mountain Suite 561', 'Apt. 567'),
('Sarah', 'Simmons', 'mcombs@gmail.com', 'N2DJ*lR!+w', '462-424-7357', '9412 Robin Burg Suite 740', 'Suite 952'),
('Adam', 'Bell', 'usilva@jackson.net', ')POAG1)u%9', '630-298-5751x88581', '536 Golden Tunnel Apt. 834', 'Apt. 000'),
('Jennifer', 'Graham', 'wyoung@smith.com', 'J^W4Ai0fNa', '899-711-7773', '473 Mary Wells Apt. 700', 'Suite 042'),
('Benjamin', 'Santana', 'rebekahburke@hotmail.com', 'OX5qRpouB$', '(430)584-7846x708', '57128 Pennington Orchard', 'Suite 588'),
('Jackson', 'Bird', 'sara99@lucero.com', '_E5#Ttc4!z', '+1-269-385-1381x786', '35913 Ashley Creek', 'Suite 710'),
('Stuart', 'Sullivan', 'thomasreyes@yahoo.com', 'd4CT9+rL!#', '+1-396-479-8347x75503', '5015 Teresa Green', 'Apt. 362'),
('Christine', 'Bass', 'ballardcourtney@perez-kaiser.com', 'C5CpBIJ$&o', '8661836322', '148 Lamb Keys Apt. 434', 'Suite 162'),
('Mark', 'Miller', 'johnsonraymond@gmail.com', '@MM(eytI&3', '(877)027-2287', '8177 Snyder Lakes', 'Suite 894'),
('John', 'Santiago', 'stephanie72@gmail.com', '@vP1g9Ah!6', '(327)801-3596', '87369 Baker Roads', 'Suite 349'),
('Chloe', 'Shah', 'joshuahill@herrera.net', ')LHVCtt^91', '+1-743-414-3428x42773', '7680 Kevin Field', 'Apt. 977'),
('Stacey', 'Pacheco', 'stephanie79@hotmail.com', ')2&LQ!vFes', '001-814-395-1917x08054', '275 Henry Locks', 'Apt. 947'),
('Jodi', 'Wade', 'bradleyamanda@yahoo.com', 'QG4cKRsre(', '990-149-0901', '910 Linda Green Apt. 695', 'Apt. 375'),
('Leah', 'Oconnor', 'wardjoseph@kelley-kennedy.com', '31XOxgQy+y', '001-787-223-4087x77155', '9258 Melissa Radial Suite 461', 'Suite 514'),
('Cheryl', 'Martin', 'fred78@gmail.com', '+c97fKXgfb', '095-334-0979', '571 Price Bridge', 'Apt. 666'),
('Craig', 'Thomas', 'janetchen@yahoo.com', 'X4&uL7Oqkj', '(644)564-5309x2070', '4625 Heather Summit', 'Suite 808'),
('John', 'Davis', 'peterspatricia@silva-stewart.com', '7b)ISwEr!q', '278-529-3336x33109', '6312 Pierce Prairie', 'Suite 752'),
('Melissa', 'Bowen', 'andrew05@smith.com', '+F9YyXvV3X', '(966)170-0099x815', '5803 Linda Road Apt. 884', 'Suite 700'),
('Jesus', 'Huang', 'etownsend@gmail.com', '*W46NLuf^r', '+1-927-556-3685', '504 Hooper Park Suite 738', 'Suite 305'),
('Jesse', 'Johnson', 'ulopez@gmail.com', 'K9RHLvu3+_', '(533)501-0588', '3113 Chambers Estates', 'Apt. 857'),
('Sarah', 'Hernandez', 'ajordan@gmail.com', 'BV7C1WGnD+', '+1-133-216-0401x6382', '396 Jones Walks Apt. 044', 'Suite 080'),
('Luis', 'Sullivan', 'bellkimberly@gmail.com', '&6pulDCz*2', '(711)656-0795', '1268 Johnson Viaduct Suite 967', 'Suite 395'),
('Taylor', 'Choi', 'riveranicole@little.org', 'JY*78An87(', '+1-421-503-4981x928', '0572 Mariah Fort', 'Apt. 886'),
('Jonathan', 'Gonzalez', 'ewiley@rogers.com', '_0@&%bCv%B', '091-253-7227x4306', '838 Hannah Branch', 'Apt. 462'),
('Cheryl', 'Ortiz', 'sherry38@martinez.com', 'S90Bu!&O7%', '994.623.3437', '1989 James Stravenue', 'Suite 129'),
('Lisa', 'Jones', 'scott92@dudley.info', '_83ADb@QZ8', '689.617.5382x648', '0647 Joseph Centers Apt. 787', 'Suite 567'),
('Michael', 'Bates', 'christopher03@bell.info', '%5D0CJcTgS', '(235)173-5470', '437 Victor Forks Apt. 215', 'Apt. 281'),
('Alexander', 'Atkinson', 'omoore@farrell.com', '(4rZyyy7Yb', '020.266.4555x07171', '333 Glen Brook Apt. 953', 'Suite 901'),
('Jennifer', 'Sherman', 'moranrachel@perez-savage.net', '%8^AarrAlh', '215-148-5645x912', '1307 Turner Circles', 'Suite 217'),
('Mary', 'Brown', 'boyerjoseph@ruiz.com', '$76TgfBwr(', '054-042-0386', '138 Anthony Knolls Suite 787', 'Suite 274'),
('George', 'Hernandez', 'abond@pugh.info', '49eE%_uS@#', '1865299915', '673 Tran Inlet Apt. 633', 'Suite 008'),
('Krista', 'Romero', 'jhoward@hotmail.com', 'Z%8!TEho#Q', '+1-808-092-2204x1695', '3442 Sean Parkway', 'Suite 274'),
('Alvin', 'Warren', 'vsalazar@yahoo.com', '%hKs0OPx$V', '(511)037-1840', '236 Laurie Well Apt. 297', 'Apt. 880'),
('Anthony', 'Cummings', 'ogreen@kennedy-adams.com', '%jXVzN7qG1', '001-572-418-9388x25838', '02310 Stanley Radial', 'Apt. 144'),
('Vincent', 'Garcia', 'lance49@taylor.info', 'd2+AfzNi*!', '687.335.2567x545', '9281 Smith Rapid', 'Apt. 165'),
('Vincent', 'Juarez', 'jimgibson@nguyen.com', '!J3FnLWd!G', '559-267-1203', '19342 Natasha Meadow Suite 246', 'Suite 706'),
('Brittany', 'Hill', 'brownvanessa@yahoo.com', '*u3ZyS3!V1', '611-696-4072', '385 Tina Islands', 'Apt. 220'),
('Heather', 'Johnson', 'jclark@gmail.com', '4N0S$y$%@h', '(222)233-7889', '91373 David Cape Suite 764', 'Suite 902'),
('Angela', 'Kim', 'jessica04@yahoo.com', '%7(GK$f0!F', '+1-502-849-1024x45008', '172 Long Lodge', 'Suite 098'),
('Rachel', 'Woods', 'johnsonsarah@jones-hutchinson.com', '(Mse3KggU2', '(392)302-2515x733', '03969 Jessica Greens Apt. 186', 'Apt. 675'),
('Eduardo', 'Kirk', 'daniel67@yahoo.com', 'n#5ALMku3*', '144-634-5556', '14127 Benjamin Extension Suite 818', 'Suite 274'),
('Andrew', 'Ewing', 'nathan81@lewis.info', 'BJ1As2pg)o', '966-408-6400x86669', '651 Leslie Route', 'Apt. 645'),
('Jessica', 'Hart', 'christianlauren@lee-evans.info', '(1$pPUs4+q', '(486)237-3348', '875 Heather Ville', 'Suite 752'),
('Stephanie', 'Gray', 'robertkelley@burton.com', 'Z^1D3g6p1%', '(052)724-4830x828', '43858 Lawrence Isle Suite 421', 'Apt. 706'),
('Evelyn', 'Campbell', 'elizabeth80@yahoo.com', '3cRa8EUs@V', '001-320-835-0165x5351', '76004 Stephanie Valleys Apt. 265', 'Suite 961'),
('Heather', 'Fox', 'jameschung@green.com', 'OI#*5Tro3%', '001-635-940-3687', '11291 Jason Spring', 'Suite 463'),
('Crystal', 'Webb', 'brittanygoodwin@barton.com', '&TaEI4Bhd@', '(154)143-6597x60806', '841 Foster Viaduct', 'Suite 985'),
('Justin', 'Hansen', 'melanieshannon@yahoo.com', ')fzalJhaw8', '(402)208-6924x89346', '72212 Little Green Apt. 888', 'Apt. 171'),
('Melissa', 'Huang', 'jasonmann@hotmail.com', '&8bIzHAana', '901.808.2175x3698', '0755 Weeks Springs Suite 181', 'Apt. 860'),
('Michael', 'Nelson', 'kenneth66@todd.com', 'f@8V_Wbz8q', '+1-503-731-1589x317', '2447 Cheryl Tunnel', 'Suite 967'),
('Cody', 'Miller', 'nicholasevans@davidson-thomas.org', 'YK3K%eDk^3', '001-889-491-6255x666', '50094 Holland Curve Apt. 681', 'Suite 608'),
('Eric', 'Smith', 'bennettlaurie@johnson.com', '0z1HTgRkx^', '001-993-864-0235', '8297 Matthew Divide', 'Suite 413'),
('Cassandra', 'Miller', 'lindacobb@yahoo.com', '0D#YqEFa@6', '(298)426-3392x827', '20219 Zimmerman Junctions Apt. 007', 'Suite 688'),
('Lucas', 'Shields', 'hahndean@clarke.com', '8+x#5KuPHd', '001-707-441-3572x700', '9520 Hernandez Knoll Apt. 743', 'Suite 686'),
('Gloria', 'Nicholson', 'jason92@gmail.com', '54M1Bkc3n$', '(896)017-3552', '57521 Scott Squares', 'Suite 106'),
('Rebecca', 'Fields', 'mayjessica@yahoo.com', '5l4HN5sJ)N', '998.473.1232x205', '4562 Mckay Village Apt. 605', 'Apt. 294'),
('Caroline', 'Cunningham', 'lisacameron@gmail.com', 'avH+cBj0*4', '870-015-1179x34550', '15319 Jacqueline Alley Apt. 946', 'Apt. 700'),
('Cory', 'Gray', 'christina59@hotmail.com', 'g**5Kj^TiS', '(572)029-7063', '2647 Kenneth Union Suite 311', 'Apt. 736'),
('Cory', 'Russell', 'chelsey09@osborne.net', 'O9rQi)3q^8', '764.728.5692', '08233 Pitts Freeway', 'Suite 032'),
('Zachary', 'Taylor', 'carlos60@hotmail.com', 'Dv5Tg!rD4$', '001-272-409-1650x0567', '30452 Kimberly Loop', 'Suite 109'),
('Tracy', 'Rowe', 'masonpatrick@butler-long.com', 'k@7QY6Fq(g', '806.027.1124x15048', '9214 Davis Islands', 'Suite 840'),
('Jerry', 'Weber', 'richardwilliams@yahoo.com', 'YMiIpIHJ+5', '268-074-1066x6697', '6239 Knight Villages', 'Suite 437'),
('Ashley', 'Moreno', 'warren09@hotmail.com', '$4aDbwP9Hp', '001-205-733-3188x1137', '75891 Osborn Knoll Apt. 849', 'Apt. 026'),
('Teresa', 'Nelson', 'ruth07@summers.org', '%2hZ0NTmR@', '7194000415', '03616 Dorsey Lodge Suite 424', 'Suite 916'),
('Calvin', 'Davis', 'bcarney@yahoo.com', 'NYK09ZaJ$5', '828.178.1588', '218 Michael Groves Apt. 283', 'Apt. 939'),
('Anna', 'Carlson', 'oweber@gmail.com', 'Z9Vziacp!X', '139.972.7810x8052', '9791 Harris Causeway', 'Suite 506'),
('Kendra', 'Harrison', 'jay35@hotmail.com', '_@2M6syO*4', '652-136-1830x9103', '8019 Potts Overpass', 'Suite 320'),
('Jacob', 'Acosta', 'oyates@hotmail.com', '^i4&XFSatC', '8140948726', '1947 Luke Keys', 'Suite 579'),
('Linda', 'Ball', 'yhansen@gmail.com', 'k_1^5tRqC!', '835.454.3333x0403', '244 Harper Islands Suite 828', 'Suite 018'),
('Anita', 'Foster', 'christina73@yahoo.com', '%T+a*vLz1h', '001-032-258-3928', '136 Karen Heights Suite 096', 'Suite 939'),
('Aaron', 'White', 'khardin@hotmail.com', 'HG5rU2Jz!n', '(062)167-2635', '13315 Bowen Wells', 'Suite 517'),
('Robert', 'Sims', 'jessicamaldonado@hotmail.com', 'W*5pOGvSMI', '978-508-1691', '8084 Richardson Viaduct', 'Apt. 214'),
('Melissa', 'Martinez', 'stevensmary@hernandez-johnson.com', ')UVAGs+v56', '+1-959-276-7512', '8837 Smith Shoal', 'Suite 268'),
('Rebecca', 'Ramsey', 'jacquelinerhodes@byrd-smith.com', '_9LfDuh+3(', '2022674454', '2205 Tara Spring Apt. 927', 'Apt. 600'),
('Kim', 'Miller', 'michael03@massey.biz', '&6MHfss8j6', '+1-188-959-5231x43883', '200 Brianna Cove', 'Suite 672'),
('Danielle', 'Thompson', 'mark06@yahoo.com', '$2M^E7hqeW', '+1-457-474-0960x086', '572 Hernandez Estate', 'Suite 953'),
('Leslie', 'Lewis', 'william23@gmail.com', '@_20Z!W+ol', '+1-524-081-4828x89485', '859 Jamie Stream Apt. 376', 'Suite 137'),
('Nicole', 'Anderson', 'christopher87@yahoo.com', '+_NlTD)n6#', '461-117-1101', '59617 Michael Row', 'Suite 272'),
('Beth', 'Erickson', 'ccarpenter@mooney.com', 'kpSo8Ig_^6', '793.461.0293', '74752 Chavez Street', 'Apt. 674'),
('David', 'Leonard', 'david60@gmail.com', 'J36R3a%6$6', '3229015462', '935 Leslie Viaduct Apt. 597', 'Apt. 883'),
('Robert', 'Robinson', 'catherinejohnson@ball-gonzalez.com', 'P0QqsEOp+1', '(856)392-6442x1223', '5230 Young Path', 'Apt. 681'),
('Heather', 'Schneider', 'iholland@allen.com', '@3OYQz2uu)', '140-172-9309', '50136 Harris Turnpike', 'Apt. 522'),
('Eric', 'Smith', 'hevans@hotmail.com', 'P@J5WkE8d1', '6903425202', '6572 Clark Shoal', 'Suite 152'),
('Sarah', 'Nelson', 'davisjennifer@hotmail.com', 'br7QYj+wD$', '(629)013-1829x43210', '291 Yvonne Ridges Apt. 095', 'Apt. 828'),
('Lawrence', 'Peters', 'margaretsmith@kirk.info', '$OeTvZ#t8b', '539.808.7514x61596', '7087 Jessica Vista', 'Apt. 302'),
('Nicole', 'Ortiz', 'shawmelanie@ferguson.com', 'L1^SXktN)q', '(730)337-3128x1088', '5968 Franklin Flat Apt. 623', 'Apt. 663'),
('Jared', 'Marshall', 'rferguson@medina.com', '%iuQz5Xe$2', '205-980-3801', '960 Angela Turnpike', 'Suite 431'),
('Anthony', 'Hoffman', 'rhenson@gmail.com', 'HKD2sEuK(S', '(503)233-4246x656', '576 Mcdaniel Fall Suite 833', 'Apt. 421'),
('Amanda', 'Hill', 'millercrystal@johnson.com', 'D@j$M3JwG2', '893-025-2139x324', '52771 Lee Grove', 'Apt. 834'),
('Emily', 'Lopez', 'spencereric@taylor.com', 'X7*Z@7JzCT', '(679)296-0323x1276', '5762 Rodriguez Turnpike Apt. 238', 'Apt. 511'),
('Karen', 'Oliver', 'calebdonovan@yahoo.com', '$53Ucz4MX#', '656-861-9125x164', '71550 King Underpass', 'Apt. 309'),
('Bethany', 'Brown', 'cjohnson@hotmail.com', 'PzRKhJlv*5', '+1-808-586-5203x306', '72013 Thomas Brooks', 'Suite 656'),
('Daniel', 'Watkins', 'wwhite@johnson-mitchell.biz', '@XS08RgQFB', '918.244.5595x69532', '459 Little Point', 'Suite 314'),
('Laura', 'Baird', 'ogriffin@hernandez-reynolds.org', '%2GyrAjim@', '459.528.0350x971', '011 David Greens', 'Suite 556'),
('Janet', 'Rice', 'brian77@yahoo.com', '!aeB_3AuQX', '(445)832-8452x3294', '51971 Brian Lane', 'Suite 187'),
('Henry', 'Garner', 'jamesneal@gmail.com', 'v4+4X_TaX%', '(650)754-3112x018', '40538 Dyer Pass Apt. 243', 'Suite 780'),
('Benjamin', 'Travis', 'marissacook@drake-erickson.com', 'in39Zkz65&', '+1-060-916-1890x60208', '7227 Tammie Estates', 'Apt. 952'),
('Jennifer', 'Padilla', 'mindyperez@murphy.org', '*09NNhXaBm', '001-060-666-4820x334', '322 Charles Viaduct Suite 537', 'Suite 324'),
('Ryan', 'Stanley', 'hintonsarah@solis.org', 'r6*PmQwY$V', '881-976-3098x956', '802 Robles Trace Suite 805', 'Suite 225');
-- Creating indexes for admin_info
CREATE UNIQUE NONCLUSTERED INDEX IX_AdminInfo_Email ON admin_info(admin_email);
-- Creating indexes for user_info
CREATE UNIQUE NONCLUSTERED INDEX IX_UsersInfo_Email ON user_info(email);
-- Creating indexes for email_info
CREATE UNIQUE NONCLUSTERED INDEX IX_EmailInfo_EmailAddress ON email_info(email_address);
-- Creating indexes for orders_info
CREATE NONCLUSTERED INDEX IX_OrdersInfo_UserID ON orders_info(user_id);
CREATE NONCLUSTERED INDEX IX_OrdersInfo_Email_UserID ON orders_info(email, user_id);
-- Creating indexes for order_products
CREATE NONCLUSTERED INDEX IX_OrderProducts_OrderID ON order_products(order_id);
CREATE NONCLUSTERED INDEX IX_OrderProducts_ProductID ON order_products(product_id);
CREATE NONCLUSTERED INDEX IX_OrderProducts_OrderID_ProductID ON order_products(order_id, product_id);
-- Creating indexes for products
CREATE NONCLUSTERED INDEX IX_Products_ProductCat ON products(product_cat);
CREATE NONCLUSTERED INDEX IX_Products_ProductBrand ON products(product_brand);
CREATE NONCLUSTERED INDEX IX_Products_ProductTitle ON products(product_title);
CREATE NONCLUSTERED INDEX IX_Products_ProductCat_Brand_Title ON products(product_cat, product_brand, product_title);


-- Add to cart
CREATE PROCEDURE AddToCart
    @p_product_id INT,
    @p_user_id INT,
    @p_qty INT
AS
BEGIN
    INSERT INTO cart (product_id, user_id, qty)
    VALUES (@p_product_id, @p_user_id, @p_qty);
END;
GO


-- Update user's information
CREATE PROCEDURE UpdateUser
    @p_user_id INT,
    @p_first_name VARCHAR(50),
    @p_last_name VARCHAR(50),
    @p_email VARCHAR(255),
    @p_phone VARCHAR(15),
    @p_address1 VARCHAR(255),
    @p_address2 VARCHAR(255)
AS
BEGIN
    UPDATE user_info
    SET first_name = @p_first_name,
        last_name = @p_last_name,
        email = @p_email,
        phone = @p_phone,
        address1 = @p_address1,
        address2 = @p_address2
    WHERE user_id = @p_user_id;
END;
GO

CREATE PROCEDURE DeleteUser
    @p_user_id INT
AS
BEGIN
    DELETE FROM user_info WHERE user_id = @p_user_id;
END;
GO

-- Trigger for inserting data
CREATE TRIGGER after_order_product_insert
ON order_products
AFTER INSERT
AS
BEGIN
    UPDATE orders_info
    SET prod_count = prod_count + inserted.qty
    FROM orders_info
    INNER JOIN inserted ON orders_info.order_id = inserted.order_id;
END;
GO

-- Trigger for deleting data
CREATE TRIGGER after_order_product_delete
ON order_products
AFTER DELETE
AS
BEGIN
    UPDATE orders_info
    SET prod_count = prod_count - deleted.qty
    FROM orders_info
    INNER JOIN deleted ON orders_info.order_id = deleted.order_id;
END;
GO


EXEC AddToCart @p_product_id = 1, @p_user_id = 123, @p_qty = 2, @p_ip_add = '192.168.1.1';
EXEC UpdateUser 
    @p_user_id = 1, 
    @p_first_name = 'John', 
    @p_last_name = 'Doe', 
    @p_email = 'john.doe@example.com', 
    @p_phone = '123-456-7890', 
    @p_address1 = '123 Elm Street', 
    @p_address2 = 'Apt 4B';
EXEC DeleteUser @p_user_id = 1;



